,Unnamed: 0,ID,Name,Age,Photo,Nationality,Overall,Potential,Club,Club Logo,Value,Wage,Special,ClasificacionOverall,Valor_Talento
2,2,190871,Neymar,25,https://cdn.sofifa.org/48/18/players/190871.png,Brazil,92,94,Paris Saint-Germain,https://cdn.sofifa.org/24/18/teams/73.png,123000.0,280.0,2100,Alto nivel,1336.9565217391305
1,1,158023,L. Messi,30,https://cdn.sofifa.org/48/18/players/158023.png,Argentina,93,93,FC Barcelona,https://cdn.sofifa.org/24/18/teams/241.png,105000.0,565.0,2154,Alto nivel,1129.032258064516
3,3,176580,L. Suárez,30,https://cdn.sofifa.org/48/18/players/176580.png,Uruguay,92,92,FC Barcelona,https://cdn.sofifa.org/24/18/teams/241.png,97000.0,510.0,2291,Alto nivel,1054.3478260869565
0,0,20801,Cristiano Ronaldo,32,https://cdn.sofifa.org/48/18/players/20801.png,Portugal,94,94,Real Madrid CF,https://cdn.sofifa.org/24/18/teams/243.png,95500.0,565.0,2228,Alto nivel,1015.9574468085107
5,5,188545,R. Lewandowski,28,https://cdn.sofifa.org/48/18/players/188545.png,Poland,91,91,FC Bayern Munich,https://cdn.sofifa.org/24/18/teams/21.png,92000.0,355.0,2143,Alto nivel,1010.989010989011
7,7,183277,E. Hazard,26,https://cdn.sofifa.org/48/18/players/183277.png,Belgium,90,91,Chelsea,https://cdn.sofifa.org/24/18/teams/5.png,90500.0,295.0,2096,Alto nivel,1005.5555555555555
11,11,192985,K. De Bruyne,26,https://cdn.sofifa.org/48/18/players/192985.png,Belgium,89,92,Manchester City,https://cdn.sofifa.org/24/18/teams/10.png,83000.0,285.0,2162,Alto nivel,932.5842696629213
19,19,211110,P. Dybala,23,https://cdn.sofifa.org/48/18/players/211110.png,Argentina,88,93,Juventus,https://cdn.sofifa.org/24/18/teams/45.png,79000.0,215.0,2063,Alto nivel,897.7272727272727
8,8,182521,T. Kroos,27,https://cdn.sofifa.org/48/18/players/182521.png,Germany,90,90,Real Madrid CF,https://cdn.sofifa.org/24/18/teams/243.png,79000.0,340.0,2165,Alto nivel,877.7777777777778
9,9,167664,G. Higuaín,29,https://cdn.sofifa.org/48/18/players/167664.png,Argentina,90,90,Juventus,https://cdn.sofifa.org/24/18/teams/45.png,77000.0,275.0,1961,Alto nivel,855.5555555555555
21,21,194765,A. Griezmann,26,https://cdn.sofifa.org/48/18/players/194765.png,France,88,91,Atlético Madrid,https://cdn.sofifa.org/24/18/teams/240.png,75000.0,150.0,2104,Alto nivel,852.2727272727273
22,22,189509,Thiago,26,https://cdn.sofifa.org/48/18/players/189509.png,Spain,88,90,FC Bayern Munich,https://cdn.sofifa.org/24/18/teams/21.png,70500.0,225.0,2185,Alto nivel,801.1363636363636
15,15,173731,G. Bale,27,https://cdn.sofifa.org/48/18/players/173731.png,Wales,89,89,Real Madrid CF,https://cdn.sofifa.org/24/18/teams/243.png,69500.0,370.0,2263,Alto nivel,780.8988764044943
35,35,195864,P. Pogba,24,https://cdn.sofifa.org/48/18/players/195864.png,France,87,92,Manchester United,https://cdn.sofifa.org/24/18/teams/11.png,66500.0,195.0,2238,Alto nivel,764.3678160919541
13,13,184941,A. Sánchez,28,https://cdn.sofifa.org/48/18/players/184941.png,Chile,89,89,Arsenal,https://cdn.sofifa.org/24/18/teams/1.png,67500.0,265.0,2181,Alto nivel,758.4269662921348
16,16,153079,S. Agüero,29,https://cdn.sofifa.org/48/18/players/153079.png,Argentina,89,89,Manchester City,https://cdn.sofifa.org/24/18/teams/10.png,66500.0,325.0,2074,Alto nivel,747.1910112359551
36,36,190460,C. Eriksen,25,https://cdn.sofifa.org/48/18/players/190460.png,Denmark,87,91,Tottenham Hotspur,https://cdn.sofifa.org/24/18/teams/18.png,65000.0,165.0,2064,Alto nivel,747.1264367816092
34,34,199556,M. Verratti,24,https://cdn.sofifa.org/48/18/players/199556.png,Italy,87,91,Paris Saint-Germain,https://cdn.sofifa.org/24/18/teams/73.png,64500.0,130.0,2154,Alto nivel,741.3793103448276
6,6,193080,De Gea,26,https://cdn.sofifa.org/48/18/players/193080.png,Spain,90,92,Manchester United,https://cdn.sofifa.org/24/18/teams/11.png,64500.0,215.0,1458,Alto nivel,716.6666666666666
23,23,188567,P. Aubameyang,28,https://cdn.sofifa.org/48/18/players/188567.png,Gabon,88,88,Borussia Dortmund,https://cdn.sofifa.org/24/18/teams/22.png,61000.0,165.0,2078,Alto nivel,693.1818181818181
50,50,192505,R. Lukaku,24,https://cdn.sofifa.org/48/18/players/192505.png,Belgium,86,90,Manchester United,https://cdn.sofifa.org/24/18/teams/11.png,59000.0,210.0,1997,Alto nivel,686.046511627907
46,46,202126,H. Kane,23,https://cdn.sofifa.org/48/18/players/202126.png,England,86,90,Tottenham Hotspur,https://cdn.sofifa.org/24/18/teams/18.png,59000.0,165.0,2057,Alto nivel,686.046511627907
28,28,176635,M. Özil,28,https://cdn.sofifa.org/48/18/players/176635.png,Germany,88,88,Arsenal,https://cdn.sofifa.org/24/18/teams/1.png,60000.0,265.0,1927,Alto nivel,681.8181818181819
4,4,167495,M. Neuer,31,https://cdn.sofifa.org/48/18/players/167495.png,Germany,92,92,FC Bayern Munich,https://cdn.sofifa.org/24/18/teams/21.png,61000.0,230.0,1493,Alto nivel,663.0434782608696
12,12,192119,T. Courtois,25,https://cdn.sofifa.org/48/18/players/192119.png,Belgium,89,92,Chelsea,https://cdn.sofifa.org/24/18/teams/5.png,59000.0,190.0,1282,Alto nivel,662.9213483146067
48,48,197781,Isco,25,https://cdn.sofifa.org/48/18/players/197781.png,Spain,86,90,Real Madrid CF,https://cdn.sofifa.org/24/18/teams/243.png,56500.0,250.0,2105,Alto nivel,656.9767441860465
54,54,189242,Coutinho,25,https://cdn.sofifa.org/48/18/players/189242.png,Brazil,86,89,Liverpool,https://cdn.sofifa.org/24/18/teams/9.png,56000.0,205.0,2049,Alto nivel,651.1627906976744
47,47,198710,J. Rodríguez,25,https://cdn.sofifa.org/48/18/players/198710.png,Colombia,86,89,FC Bayern Munich,https://cdn.sofifa.org/24/18/teams/21.png,56000.0,250.0,2118,Alto nivel,651.1627906976744
20,20,200389,J. Oblak,24,https://cdn.sofifa.org/48/18/players/200389.png,Slovenia,88,93,Atlético Madrid,https://cdn.sofifa.org/24/18/teams/240.png,57000.0,82.0,1290,Alto nivel,647.7272727272727
14,14,177003,L. Modrić,31,https://cdn.sofifa.org/48/18/players/177003.png,Croatia,89,89,Real Madrid CF,https://cdn.sofifa.org/24/18/teams/243.png,57000.0,340.0,2228,Alto nivel,640.4494382022472
69,69,208418,Y. Carrasco,23,https://cdn.sofifa.org/48/18/players/208418.png,Belgium,85,90,Atlético Madrid,https://cdn.sofifa.org/24/18/teams/240.png,51500.0,77.0,1991,Alto nivel,605.8823529411765
33,33,215914,N. Kanté,26,https://cdn.sofifa.org/48/18/players/215914.png,France,87,90,Chelsea,https://cdn.sofifa.org/24/18/teams/5.png,52500.0,190.0,2154,Alto nivel,603.448275862069
10,10,155862,Sergio Ramos,31,https://cdn.sofifa.org/48/18/players/155862.png,Spain,90,90,Real Madrid CF,https://cdn.sofifa.org/24/18/teams/243.png,52000.0,310.0,2153,Alto nivel,577.7777777777778
73,73,193301,A. Lacazette,26,https://cdn.sofifa.org/48/18/players/193301.png,France,85,88,Arsenal,https://cdn.sofifa.org/24/18/teams/1.png,48500.0,180.0,2063,Alto nivel,570.5882352941177
40,40,171877,M. Hamšík,29,https://cdn.sofifa.org/48/18/players/171877.png,Slovakia,87,87,Napoli,https://cdn.sofifa.org/24/18/teams/48.png,48500.0,130.0,2184,Alto nivel,557.471264367816
41,41,168651,I. Rakitić,29,https://cdn.sofifa.org/48/18/players/168651.png,Croatia,87,87,FC Barcelona,https://cdn.sofifa.org/24/18/teams/241.png,48500.0,275.0,2129,Alto nivel,557.471264367816
38,38,179813,E. Cavani,30,https://cdn.sofifa.org/48/18/players/179813.png,Uruguay,87,87,Paris Saint-Germain,https://cdn.sofifa.org/24/18/teams/73.png,48500.0,160.0,2097,Alto nivel,557.471264367816
52,52,189596,T. Müller,27,https://cdn.sofifa.org/48/18/players/189596.png,Germany,86,86,FC Bayern Munich,https://cdn.sofifa.org/24/18/teams/21.png,47500.0,190.0,2078,Alto nivel,552.3255813953489
93,93,220834,Marco Asensio,21,https://cdn.sofifa.org/48/18/players/220834.png,Spain,84,92,Real Madrid CF,https://cdn.sofifa.org/24/18/teams/243.png,46000.0,175.0,1998,Alto nivel,547.6190476190476
70,70,201535,R. Varane,24,https://cdn.sofifa.org/48/18/players/201535.png,France,85,92,Real Madrid CF,https://cdn.sofifa.org/24/18/teams/243.png,46500.0,175.0,1875,Alto nivel,547.0588235294117
25,25,183907,J. Boateng,28,https://cdn.sofifa.org/48/18/players/183907.png,Germany,88,88,FC Bayern Munich,https://cdn.sofifa.org/24/18/teams/21.png,48000.0,215.0,1989,Alto nivel,545.4545454545455
27,27,178603,M. Hummels,28,https://cdn.sofifa.org/48/18/players/178603.png,Germany,88,88,FC Bayern Munich,https://cdn.sofifa.org/24/18/teams/21.png,48000.0,215.0,2038,Alto nivel,545.4545454545455
81,81,186942,I. Gündoğan,26,https://cdn.sofifa.org/48/18/players/186942.png,Germany,85,87,Manchester City,https://cdn.sofifa.org/24/18/teams/10.png,46000.0,190.0,2148,Alto nivel,541.1764705882352
58,58,179844,Diego Costa,28,https://cdn.sofifa.org/48/18/players/179844.png,Spain,86,86,Chelsea,https://cdn.sofifa.org/24/18/teams/5.png,46000.0,235.0,1984,Alto nivel,534.8837209302326
72,72,198219,L. Insigne,26,https://cdn.sofifa.org/48/18/players/198219.png,Italy,85,86,Napoli,https://cdn.sofifa.org/24/18/teams/48.png,45000.0,115.0,1949,Alto nivel,529.4117647058823
55,55,188350,M. Reus,28,https://cdn.sofifa.org/48/18/players/188350.png,Germany,86,86,Borussia Dortmund,https://cdn.sofifa.org/24/18/teams/22.png,45000.0,120.0,2157,Alto nivel,523.2558139534884
94,94,218667,Bernardo Silva,22,https://cdn.sofifa.org/48/18/players/218667.png,Portugal,84,91,Manchester City,https://cdn.sofifa.org/24/18/teams/10.png,43500.0,165.0,2012,Alto nivel,517.8571428571429
64,64,165153,K. Benzema,29,https://cdn.sofifa.org/48/18/players/165153.png,France,86,86,Real Madrid CF,https://cdn.sofifa.org/24/18/teams/243.png,44500.0,295.0,1950,Alto nivel,517.4418604651163
49,49,197445,D. Alaba,25,https://cdn.sofifa.org/48/18/players/197445.png,Austria,86,88,FC Bayern Munich,https://cdn.sofifa.org/24/18/teams/21.png,44500.0,150.0,2278,Alto nivel,517.4418604651163
96,96,211117,D. Alli,21,https://cdn.sofifa.org/48/18/players/211117.png,England,84,90,Tottenham Hotspur,https://cdn.sofifa.org/24/18/teams/18.png,43000.0,115.0,2122,Alto nivel,511.9047619047619
84,84,180206,M. Pjanić,27,https://cdn.sofifa.org/48/18/players/180206.png,Bosnia Herzegovina,85,86,Juventus,https://cdn.sofifa.org/24/18/teams/45.png,43500.0,160.0,2172,Alto nivel,511.7647058823529
51,51,191043,Alex Sandro,26,https://cdn.sofifa.org/48/18/players/191043.png,Brazil,86,88,Juventus,https://cdn.sofifa.org/24/18/teams/45.png,44000.0,175.0,2207,Alto nivel,511.6279069767442
42,42,168542,David Silva,31,https://cdn.sofifa.org/48/18/players/168542.png,Spain,87,87,Manchester City,https://cdn.sofifa.org/24/18/teams/10.png,44000.0,220.0,1977,Alto nivel,505.7471264367816
24,24,184344,L. Bonucci,30,https://cdn.sofifa.org/48/18/players/184344.png,Italy,88,88,Milan,https://cdn.sofifa.org/24/18/teams/47.png,44000.0,210.0,1995,Alto nivel,500.0
61,61,175943,D. Mertens,30,https://cdn.sofifa.org/48/18/players/175943.png,Belgium,86,86,Napoli,https://cdn.sofifa.org/24/18/teams/48.png,43000.0,135.0,2035,Alto nivel,500.0
100,100,201399,M. Icardi,24,https://cdn.sofifa.org/48/18/players/201399.png,Argentina,84,89,Inter,https://cdn.sofifa.org/24/18/teams/44.png,42000.0,105.0,1866,Alto nivel,500.0
127,127,231747,K. Mbappé,18,https://cdn.sofifa.org/48/18/players/231747.png,France,83,94,Paris Saint-Germain,https://cdn.sofifa.org/24/18/teams/73.png,41500.0,31.0,2050,Alto nivel,500.0
59,59,178518,R. Nainggolan,29,https://cdn.sofifa.org/48/18/players/178518.png,Belgium,86,86,Roma,https://cdn.sofifa.org/24/18/teams/52.png,42500.0,130.0,2286,Alto nivel,494.1860465116279
71,71,200145,Casemiro,25,https://cdn.sofifa.org/48/18/players/200145.png,Brazil,85,89,Real Madrid CF,https://cdn.sofifa.org/24/18/teams/243.png,42000.0,195.0,2138,Alto nivel,494.11764705882354
101,101,201153,Morata,24,https://cdn.sofifa.org/48/18/players/201153.png,Spain,84,88,Chelsea,https://cdn.sofifa.org/24/18/teams/5.png,41000.0,170.0,1862,Alto nivel,488.0952380952381
128,128,231443,O. Dembélé,20,https://cdn.sofifa.org/48/18/players/231443.png,France,83,92,FC Barcelona,https://cdn.sofifa.org/24/18/teams/241.png,40000.0,150.0,1969,Alto nivel,481.9277108433735
65,65,162895,Cesc Fàbregas,30,https://cdn.sofifa.org/48/18/players/162895.png,Spain,86,86,Chelsea,https://cdn.sofifa.org/24/18/teams/5.png,41000.0,210.0,2118,Alto nivel,476.74418604651163
56,56,184087,T. Alderweireld,28,https://cdn.sofifa.org/48/18/players/184087.png,Belgium,86,87,Tottenham Hotspur,https://cdn.sofifa.org/24/18/teams/18.png,40500.0,165.0,2047,Alto nivel,470.93023255813955
99,99,202166,J. Draxler,23,https://cdn.sofifa.org/48/18/players/202166.png,Germany,84,87,Paris Saint-Germain,https://cdn.sofifa.org/24/18/teams/73.png,39500.0,120.0,2017,Alto nivel,470.23809523809524
104,104,193747,Koke,25,https://cdn.sofifa.org/48/18/players/193747.png,Spain,84,88,Atlético Madrid,https://cdn.sofifa.org/24/18/teams/240.png,39500.0,84.0,2129,Alto nivel,470.23809523809524
97,97,208722,S. Mané,25,https://cdn.sofifa.org/48/18/players/208722.png,Senegal,84,87,Liverpool,https://cdn.sofifa.org/24/18/teams/9.png,39000.0,175.0,2046,Alto nivel,464.2857142857143
132,132,213565,T. Lemar,21,https://cdn.sofifa.org/48/18/players/213565.png,France,83,91,AS Monaco,https://cdn.sofifa.org/24/18/teams/69.png,38500.0,37.0,2171,Alto nivel,463.855421686747
75,75,192883,H. Mkhitaryan,28,https://cdn.sofifa.org/48/18/players/192883.png,Armenia,85,85,Manchester United,https://cdn.sofifa.org/24/18/teams/11.png,39000.0,195.0,2148,Alto nivel,458.8235294117647
26,26,182493,D. Godín,31,https://cdn.sofifa.org/48/18/players/182493.png,Uruguay,88,88,Atlético Madrid,https://cdn.sofifa.org/24/18/teams/240.png,40000.0,125.0,1930,Alto nivel,454.54545454545456
138,138,208596,A. Belotti,23,https://cdn.sofifa.org/48/18/players/208596.png,Italy,83,90,Torino,https://cdn.sofifa.org/24/18/teams/54.png,37000.0,58.0,1935,Alto nivel,445.7831325301205
82,82,184432,Azpilicueta,27,https://cdn.sofifa.org/48/18/players/184432.png,Spain,85,87,Chelsea,https://cdn.sofifa.org/24/18/teams/5.png,37500.0,160.0,2099,Alto nivel,441.1764705882353
83,83,183898,A. Di María,29,https://cdn.sofifa.org/48/18/players/183898.png,Argentina,85,85,Paris Saint-Germain,https://cdn.sofifa.org/24/18/teams/73.png,37500.0,145.0,2115,Alto nivel,441.1764705882353
39,39,176676,Marcelo,29,https://cdn.sofifa.org/48/18/players/176676.png,Brazil,87,87,Real Madrid CF,https://cdn.sofifa.org/24/18/teams/243.png,38000.0,250.0,2209,Alto nivel,436.7816091954023
29,29,167948,H. Lloris,30,https://cdn.sofifa.org/48/18/players/167948.png,France,88,88,Tottenham Hotspur,https://cdn.sofifa.org/24/18/teams/18.png,38000.0,165.0,1318,Alto nivel,431.8181818181818
44,44,152729,Piqué,30,https://cdn.sofifa.org/48/18/players/152729.png,Spain,87,87,FC Barcelona,https://cdn.sofifa.org/24/18/teams/241.png,37500.0,240.0,1974,Alto nivel,431.0344827586207
37,37,181872,A. Vidal,30,https://cdn.sofifa.org/48/18/players/181872.png,Chile,87,87,FC Bayern Munich,https://cdn.sofifa.org/24/18/teams/21.png,37500.0,160.0,2278,Alto nivel,431.0344827586207
17,17,138956,G. Chiellini,32,https://cdn.sofifa.org/48/18/players/138956.png,Italy,89,89,Juventus,https://cdn.sofifa.org/24/18/teams/45.png,38000.0,225.0,1867,Alto nivel,426.96629213483146
92,92,225508,E. Bailly,23,https://cdn.sofifa.org/48/18/players/225508.png,Ivory Coast,84,89,Manchester United,https://cdn.sofifa.org/24/18/teams/11.png,35500.0,150.0,1890,Alto nivel,422.6190476190476
95,95,212218,A. Laporte,23,https://cdn.sofifa.org/48/18/players/212218.png,France,84,89,Athletic Club de Bilbao,https://cdn.sofifa.org/24/18/teams/448.png,35500.0,36.0,1919,Alto nivel,422.6190476190476
199,199,222492,L. Sané,21,https://cdn.sofifa.org/48/18/players/222492.png,Germany,82,91,Manchester City,https://cdn.sofifa.org/24/18/teams/10.png,34500.0,125.0,2001,Alto nivel,420.7317073170732
53,53,189511,Sergio Busquets,28,https://cdn.sofifa.org/48/18/players/189511.png,Spain,86,86,FC Barcelona,https://cdn.sofifa.org/24/18/teams/241.png,36000.0,250.0,1998,Alto nivel,418.6046511627907
60,60,177610,Javi Martínez,28,https://cdn.sofifa.org/48/18/players/177610.png,Spain,86,86,FC Bayern Munich,https://cdn.sofifa.org/24/18/teams/21.png,36000.0,165.0,1973,Alto nivel,418.6046511627907
78,78,192448,M. ter Stegen,25,https://cdn.sofifa.org/48/18/players/192448.png,Germany,85,89,FC Barcelona,https://cdn.sofifa.org/24/18/teams/241.png,35500.0,155.0,1274,Alto nivel,417.6470588235294
108,108,189712,K. Strootman,27,https://cdn.sofifa.org/48/18/players/189712.png,Netherlands,84,85,Roma,https://cdn.sofifa.org/24/18/teams/52.png,35000.0,105.0,2165,Alto nivel,416.6666666666667
145,145,201942,Roberto Firmino,25,https://cdn.sofifa.org/48/18/players/201942.png,Brazil,83,87,Liverpool,https://cdn.sofifa.org/24/18/teams/9.png,34000.0,135.0,2101,Alto nivel,409.6385542168675
129,129,220971,N. Keïta,22,https://cdn.sofifa.org/48/18/players/220971.png,Guinea,83,88,RB Leipzig,https://cdn.sofifa.org/24/18/teams/112172.png,34000.0,68.0,2055,Alto nivel,409.6385542168675
133,133,212814,João Mário,24,https://cdn.sofifa.org/48/18/players/212814.png,Portugal,83,88,Inter,https://cdn.sofifa.org/24/18/teams/44.png,34000.0,70.0,2098,Alto nivel,409.6385542168675
32,32,9014,A. Robben,33,https://cdn.sofifa.org/48/18/players/9014.png,Netherlands,88,88,FC Bayern Munich,https://cdn.sofifa.org/24/18/teams/21.png,36000.0,225.0,2081,Alto nivel,409.09090909090907
210,210,211300,A. Martial,21,https://cdn.sofifa.org/48/18/players/211300.png,France,82,90,Manchester United,https://cdn.sofifa.org/24/18/teams/11.png,33000.0,115.0,2053,Alto nivel,402.4390243902439
62,62,172879,Sokratis,29,https://cdn.sofifa.org/48/18/players/172879.png,Greece,86,86,Borussia Dortmund,https://cdn.sofifa.org/24/18/teams/22.png,34500.0,110.0,1885,Alto nivel,401.16279069767444
77,77,192563,B. Leno,25,https://cdn.sofifa.org/48/18/players/192563.png,Germany,85,88,Bayer 04 Leverkusen,https://cdn.sofifa.org/24/18/teams/32.png,34000.0,61.0,1247,Alto nivel,400.0
205,205,215785,K. Baldé Diao,22,https://cdn.sofifa.org/48/18/players/215785.png,Senegal,82,90,AS Monaco,https://cdn.sofifa.org/24/18/teams/69.png,32500.0,46.0,1929,Alto nivel,396.3414634146341
137,137,209331,M. Salah,25,https://cdn.sofifa.org/48/18/players/209331.png,Egypt,83,86,Liverpool,https://cdn.sofifa.org/24/18/teams/9.png,32500.0,135.0,2032,Alto nivel,391.56626506024094
214,214,208421,Saúl,22,https://cdn.sofifa.org/48/18/players/208421.png,Spain,82,90,Atlético Madrid,https://cdn.sofifa.org/24/18/teams/240.png,32000.0,59.0,2092,Alto nivel,390.2439024390244
85,85,173210,C. Marchisio,31,https://cdn.sofifa.org/48/18/players/173210.png,Italy,85,85,Juventus,https://cdn.sofifa.org/24/18/teams/45.png,33000.0,160.0,2210,Alto nivel,388.2352941176471
102,102,201024,K. Koulibaly,26,https://cdn.sofifa.org/48/18/players/201024.png,Senegal,84,87,Napoli,https://cdn.sofifa.org/24/18/teams/48.png,32500.0,96.0,1610,Alto nivel,386.9047619047619
30,30,164240,Thiago Silva,32,https://cdn.sofifa.org/48/18/players/164240.png,Brazil,88,88,Paris Saint-Germain,https://cdn.sofifa.org/24/18/teams/73.png,34000.0,175.0,2124,Alto nivel,386.3636363636364
57,57,179944,David Luiz,30,https://cdn.sofifa.org/48/18/players/179944.png,Brazil,86,86,Chelsea,https://cdn.sofifa.org/24/18/teams/5.png,33000.0,190.0,2123,Alto nivel,383.72093023255815
299,299,230666,Gabriel Jesus,20,https://cdn.sofifa.org/48/18/players/230666.png,Brazil,81,92,Manchester City,https://cdn.sofifa.org/24/18/teams/10.png,31000.0,115.0,1967,Alto nivel,382.71604938271605
107,107,191740,Ander Herrera,27,https://cdn.sofifa.org/48/18/players/191740.png,Spain,84,84,Manchester United,https://cdn.sofifa.org/24/18/teams/11.png,32000.0,190.0,2213,Alto nivel,380.95238095238096
98,98,204963,Carvajal,25,https://cdn.sofifa.org/48/18/players/204963.png,Spain,84,87,Real Madrid CF,https://cdn.sofifa.org/24/18/teams/243.png,32000.0,195.0,2039,Alto nivel,380.95238095238096
139,139,208448,E. Forsberg,25,https://cdn.sofifa.org/48/18/players/208448.png,Sweden,83,85,RB Leipzig,https://cdn.sofifa.org/24/18/teams/112172.png,31500.0,75.0,1949,Alto nivel,379.51807228915663
231,231,202477,Deulofeu,23,https://cdn.sofifa.org/48/18/players/202477.png,Spain,82,89,FC Barcelona,https://cdn.sofifa.org/24/18/teams/241.png,31000.0,165.0,1946,Alto nivel,378.0487804878049
114,114,180403,Willian,28,https://cdn.sofifa.org/48/18/players/180403.png,Brazil,84,84,Chelsea,https://cdn.sofifa.org/24/18/teams/5.png,31500.0,200.0,2061,Alto nivel,375.0
105,105,192774,K. Manolas,26,https://cdn.sofifa.org/48/18/players/192774.png,Greece,84,86,Roma,https://cdn.sofifa.org/24/18/teams/52.png,31500.0,96.0,1638,Alto nivel,375.0
106,106,192227,S. Mustafi,25,https://cdn.sofifa.org/48/18/players/192227.png,Germany,84,86,Arsenal,https://cdn.sofifa.org/24/18/teams/1.png,31500.0,145.0,1942,Alto nivel,375.0
112,112,181458,I. Perišić,28,https://cdn.sofifa.org/48/18/players/181458.png,Croatia,84,84,Inter,https://cdn.sofifa.org/24/18/teams/44.png,31500.0,110.0,2078,Alto nivel,375.0
207,207,212404,F. Bernardeschi,23,https://cdn.sofifa.org/48/18/players/212404.png,Italy,82,88,Juventus,https://cdn.sofifa.org/24/18/teams/45.png,30500.0,110.0,1995,Alto nivel,371.9512195121951
201,201,219683,C. Tolisso,22,https://cdn.sofifa.org/48/18/players/219683.png,France,82,89,FC Bayern Munich,https://cdn.sofifa.org/24/18/teams/21.png,30500.0,98.0,2205,Alto nivel,371.9512195121951
208,208,212188,T. Werner,21,https://cdn.sofifa.org/48/18/players/212188.png,Germany,82,87,RB Leipzig,https://cdn.sofifa.org/24/18/teams/112172.png,30500.0,68.0,1901,Alto nivel,371.9512195121951
103,103,200316,T. Horn,24,https://cdn.sofifa.org/48/18/players/200316.png,Germany,84,90,1. FC Köln,https://cdn.sofifa.org/24/18/teams/31.png,31000.0,39.0,1260,Alto nivel,369.04761904761904
125,125,143076,A. Gómez,29,https://cdn.sofifa.org/48/18/players/143076.png,Argentina,84,84,Atalanta,https://cdn.sofifa.org/24/18/teams/39.png,31000.0,60.0,2013,Alto nivel,369.04761904761904
134,134,212190,N. Süle,21,https://cdn.sofifa.org/48/18/players/212190.png,Germany,83,89,FC Bayern Munich,https://cdn.sofifa.org/24/18/teams/21.png,30500.0,78.0,1630,Alto nivel,367.4698795180723
140,140,207865,Marquinhos,23,https://cdn.sofifa.org/48/18/players/207865.png,Brazil,83,89,Paris Saint-Germain,https://cdn.sofifa.org/24/18/teams/73.png,30500.0,75.0,1869,Alto nivel,367.4698795180723
143,143,204485,R. Mahrez,26,https://cdn.sofifa.org/48/18/players/204485.png,Algeria,83,84,Leicester City,https://cdn.sofifa.org/24/18/teams/95.png,30500.0,88.0,1935,Alto nivel,367.4698795180723
218,218,207410,M. Kovačić,23,https://cdn.sofifa.org/48/18/players/207410.png,Croatia,82,88,Real Madrid CF,https://cdn.sofifa.org/24/18/teams/243.png,30000.0,150.0,2054,Alto nivel,365.8536585365854
209,209,211575,André Gomes,23,https://cdn.sofifa.org/48/18/players/211575.png,Portugal,82,88,FC Barcelona,https://cdn.sofifa.org/24/18/teams/241.png,30000.0,150.0,2087,Alto nivel,365.8536585365854
211,211,209658,L. Goretzka,22,https://cdn.sofifa.org/48/18/players/209658.png,Germany,82,88,FC Schalke 04,https://cdn.sofifa.org/24/18/teams/34.png,30000.0,46.0,2198,Alto nivel,365.8536585365854
118,118,178088,Juan Mata,29,https://cdn.sofifa.org/48/18/players/178088.png,Spain,84,84,Manchester United,https://cdn.sofifa.org/24/18/teams/11.png,30500.0,195.0,1982,Alto nivel,363.0952380952381
109,109,189505,Pedro,29,https://cdn.sofifa.org/48/18/players/189505.png,Spain,84,84,Chelsea,https://cdn.sofifa.org/24/18/teams/5.png,30500.0,200.0,1987,Alto nivel,363.0952380952381
229,229,202652,R. Sterling,22,https://cdn.sofifa.org/48/18/players/202652.png,England,82,87,Manchester City,https://cdn.sofifa.org/24/18/teams/10.png,29500.0,140.0,1960,Alto nivel,359.7560975609756
230,230,202651,Suso,23,https://cdn.sofifa.org/48/18/players/202651.png,Spain,82,87,Milan,https://cdn.sofifa.org/24/18/teams/47.png,29500.0,110.0,1911,Alto nivel,359.7560975609756
80,80,189332,Jordi Alba,28,https://cdn.sofifa.org/48/18/players/189332.png,Spain,85,85,FC Barcelona,https://cdn.sofifa.org/24/18/teams/241.png,30500.0,215.0,2206,Alto nivel,358.8235294117647
142,142,205600,S. Umtiti,23,https://cdn.sofifa.org/48/18/players/205600.png,France,83,88,FC Barcelona,https://cdn.sofifa.org/24/18/teams/241.png,29500.0,135.0,2109,Alto nivel,355.421686746988
136,136,209499,Fabinho,23,https://cdn.sofifa.org/48/18/players/209499.png,Brazil,83,88,AS Monaco,https://cdn.sofifa.org/24/18/teams/69.png,29500.0,37.0,2114,Alto nivel,355.421686746988
240,240,195093,Willian José,25,https://cdn.sofifa.org/48/18/players/195093.png,Brazil,82,86,Real Sociedad,https://cdn.sofifa.org/24/18/teams/457.png,29000.0,42.0,1923,Alto nivel,353.6585365853659
79,79,190547,K. Glik,29,https://cdn.sofifa.org/48/18/players/190547.png,Poland,85,85,AS Monaco,https://cdn.sofifa.org/24/18/teams/69.png,30000.0,60.0,1612,Alto nivel,352.94117647058823
120,120,177388,D. Payet,30,https://cdn.sofifa.org/48/18/players/177388.png,France,84,84,Olympique de Marseille,https://cdn.sofifa.org/24/18/teams/219.png,29500.0,60.0,2076,Alto nivel,351.1904761904762
149,149,198176,S. de Vrij,25,https://cdn.sofifa.org/48/18/players/198176.png,Netherlands,83,88,Lazio,https://cdn.sofifa.org/24/18/teams/46.png,29000.0,56.0,1783,Alto nivel,349.3975903614458
198,198,230621,G. Donnarumma,18,https://cdn.sofifa.org/48/18/players/230621.png,Italy,82,94,Milan,https://cdn.sofifa.org/24/18/teams/47.png,28500.0,35.0,1266,Alto nivel,347.5609756097561
115,115,179846,S. Khedira,30,https://cdn.sofifa.org/48/18/players/179846.png,Germany,84,84,Juventus,https://cdn.sofifa.org/24/18/teams/45.png,29000.0,160.0,2157,Alto nivel,345.23809523809524
130,130,216460,J. Giménez,22,https://cdn.sofifa.org/48/18/players/216460.png,Uruguay,83,87,Atlético Madrid,https://cdn.sofifa.org/24/18/teams/240.png,28500.0,53.0,1760,Alto nivel,343.3734939759036
222,222,204970,F. Thauvin,24,https://cdn.sofifa.org/48/18/players/204970.png,France,82,85,Olympique de Marseille,https://cdn.sofifa.org/24/18/teams/219.png,28000.0,40.0,1966,Alto nivel,341.4634146341463
203,203,216594,N. Fekir,23,https://cdn.sofifa.org/48/18/players/216594.png,France,82,85,Olympique Lyonnais,https://cdn.sofifa.org/24/18/teams/66.png,28000.0,70.0,2011,Alto nivel,341.4634146341463
212,212,208808,Q. Promes,25,https://cdn.sofifa.org/48/18/players/208808.png,Netherlands,82,85,Spartak Moscow,https://cdn.sofifa.org/24/18/teams/100767.png,28000.0,76.0,2002,Alto nivel,341.4634146341463
244,244,193348,X. Shaqiri,25,https://cdn.sofifa.org/48/18/players/193348.png,Switzerland,82,85,Stoke City,https://cdn.sofifa.org/24/18/teams/1806.png,28000.0,85.0,2073,Alto nivel,341.4634146341463
234,234,200949,Lucas,24,https://cdn.sofifa.org/48/18/players/200949.png,Brazil,82,85,Paris Saint-Germain,https://cdn.sofifa.org/24/18/teams/73.png,28000.0,92.0,2049,Alto nivel,341.4634146341463
235,235,200104,H. Son,24,https://cdn.sofifa.org/48/18/players/200104.png,Korea Republic,82,85,Tottenham Hotspur,https://cdn.sofifa.org/24/18/teams/18.png,28000.0,95.0,1975,Alto nivel,341.4634146341463
45,45,41,Iniesta,33,https://cdn.sofifa.org/48/18/players/41.png,Spain,87,87,FC Barcelona,https://cdn.sofifa.org/24/18/teams/241.png,29500.0,260.0,2073,Alto nivel,339.08045977011494
237,237,199503,G. Xhaka,24,https://cdn.sofifa.org/48/18/players/199503.png,Switzerland,82,85,Arsenal,https://cdn.sofifa.org/24/18/teams/1.png,27500.0,110.0,1993,Alto nivel,335.3658536585366
220,220,206545,Manu Trigueros,25,https://cdn.sofifa.org/48/18/players/206545.png,Spain,82,85,Villarreal CF,https://cdn.sofifa.org/24/18/teams/483.png,27500.0,43.0,2117,Alto nivel,335.3658536585366
227,227,203483,D. Klaassen,24,https://cdn.sofifa.org/48/18/players/203483.png,Netherlands,82,85,Everton,https://cdn.sofifa.org/24/18/teams/7.png,27500.0,110.0,2108,Alto nivel,335.3658536585366
87,87,170890,B. Matuidi,30,https://cdn.sofifa.org/48/18/players/170890.png,France,85,85,Juventus,https://cdn.sofifa.org/24/18/teams/45.png,28500.0,145.0,2172,Alto nivel,335.29411764705884
86,86,172871,J. Vertonghen,30,https://cdn.sofifa.org/48/18/players/172871.png,Belgium,85,85,Tottenham Hotspur,https://cdn.sofifa.org/24/18/teams/18.png,28500.0,130.0,2079,Alto nivel,335.29411764705884
43,43,162835,S. Handanovič,32,https://cdn.sofifa.org/48/18/players/162835.png,Slovenia,87,87,Inter,https://cdn.sofifa.org/24/18/teams/44.png,29000.0,91.0,1264,Alto nivel,333.3333333333333
121,121,167397,Falcao,31,https://cdn.sofifa.org/48/18/players/167397.png,Colombia,84,84,AS Monaco,https://cdn.sofifa.org/24/18/teams/69.png,28000.0,68.0,2010,Alto nivel,333.3333333333333
113,113,180930,E. Džeko,31,https://cdn.sofifa.org/48/18/players/180930.png,Bosnia Herzegovina,84,84,Roma,https://cdn.sofifa.org/24/18/teams/52.png,28000.0,115.0,1861,Alto nivel,333.3333333333333
146,146,200888,Danilo Pereira,25,https://cdn.sofifa.org/48/18/players/200888.png,Portugal,83,86,FC Porto,https://cdn.sofifa.org/24/18/teams/236.png,27500.0,18.0,2029,Alto nivel,331.32530120481925
144,144,203376,V. van Dijk,25,https://cdn.sofifa.org/48/18/players/203376.png,Netherlands,83,86,Southampton,https://cdn.sofifa.org/24/18/teams/17.png,27500.0,89.0,2011,Alto nivel,331.32530120481925
141,141,207566,William Carvalho,25,https://cdn.sofifa.org/48/18/players/207566.png,Portugal,83,86,Sporting CP,https://cdn.sofifa.org/24/18/teams/237.png,27500.0,21.0,1967,Alto nivel,331.32530120481925
267,267,181291,G. Wijnaldum,26,https://cdn.sofifa.org/48/18/players/181291.png,Netherlands,82,85,Liverpool,https://cdn.sofifa.org/24/18/teams/9.png,27000.0,130.0,2167,Alto nivel,329.2682926829268
160,160,189068,B. Dost,28,https://cdn.sofifa.org/48/18/players/189068.png,Netherlands,83,83,Sporting CP,https://cdn.sofifa.org/24/18/teams/237.png,27000.0,28.0,1809,Alto nivel,325.30120481927713
147,147,199715,Vitolo,27,https://cdn.sofifa.org/48/18/players/199715.png,Spain,83,83,UD Las Palmas,https://cdn.sofifa.org/24/18/teams/472.png,27000.0,68.0,1983,Alto nivel,325.30120481927713
164,164,186547,M. Musacchio,26,https://cdn.sofifa.org/48/18/players/186547.png,Argentina,83,86,Milan,https://cdn.sofifa.org/24/18/teams/47.png,27000.0,105.0,1917,Alto nivel,325.30120481927713
159,159,189125,G. Bonaventura,27,https://cdn.sofifa.org/48/18/players/189125.png,Italy,83,83,Milan,https://cdn.sofifa.org/24/18/teams/47.png,26500.0,115.0,2197,Alto nivel,319.27710843373495
151,151,197061,J. Matip,25,https://cdn.sofifa.org/48/18/players/197061.png,Cameroon,83,85,Liverpool,https://cdn.sofifa.org/24/18/teams/9.png,26500.0,110.0,1884,Alto nivel,319.27710843373495
246,246,192387,C. Immobile,27,https://cdn.sofifa.org/48/18/players/192387.png,Italy,82,83,Lazio,https://cdn.sofifa.org/24/18/teams/46.png,26000.0,70.0,1948,Alto nivel,317.0731707317073
213,213,208618,Lucas Vázquez,26,https://cdn.sofifa.org/48/18/players/208618.png,Spain,82,83,Real Madrid CF,https://cdn.sofifa.org/24/18/teams/243.png,26000.0,185.0,2005,Alto nivel,317.0731707317073
204,204,216451,J. Seri,25,https://cdn.sofifa.org/48/18/players/216451.png,Ivory Coast,82,83,OGC Nice,https://cdn.sofifa.org/24/18/teams/72.png,26000.0,45.0,2178,Alto nivel,317.0731707317073
200,200,219809,T. Bakayoko,22,https://cdn.sofifa.org/48/18/players/219809.png,France,82,88,Chelsea,https://cdn.sofifa.org/24/18/teams/5.png,26000.0,105.0,1973,Alto nivel,317.0731707317073
206,206,213331,J. Tah,21,https://cdn.sofifa.org/48/18/players/213331.png,Germany,82,88,Bayer 04 Leverkusen,https://cdn.sofifa.org/24/18/teams/32.png,26000.0,47.0,1651,Alto nivel,317.0731707317073
158,158,189358,S. Kagawa,28,https://cdn.sofifa.org/48/18/players/189358.png,Japan,83,83,Borussia Dortmund,https://cdn.sofifa.org/24/18/teams/22.png,26000.0,75.0,1874,Alto nivel,313.2530120481928
135,135,210257,Ederson,23,https://cdn.sofifa.org/48/18/players/210257.png,Brazil,83,89,Manchester City,https://cdn.sofifa.org/24/18/teams/10.png,26000.0,87.0,1320,Alto nivel,313.2530120481928
153,153,192629,Iago Aspas,29,https://cdn.sofifa.org/48/18/players/192629.png,Spain,83,83,RC Celta de Vigo,https://cdn.sofifa.org/24/18/teams/450.png,26000.0,39.0,2012,Alto nivel,313.2530120481928
256,256,186561,A. Ramsey,26,https://cdn.sofifa.org/48/18/players/186561.png,Wales,82,83,Arsenal,https://cdn.sofifa.org/24/18/teams/1.png,25500.0,130.0,2114,Alto nivel,310.9756097560976
110,110,189117,R. Bürki,26,https://cdn.sofifa.org/48/18/players/189117.png,Switzerland,84,86,Borussia Dortmund,https://cdn.sofifa.org/24/18/teams/22.png,26000.0,69.0,1257,Alto nivel,309.5238095238095
301,301,227055,Gelson Martins,22,https://cdn.sofifa.org/48/18/players/227055.png,Portugal,81,88,Sporting CP,https://cdn.sofifa.org/24/18/teams/237.png,25000.0,20.0,2007,Alto nivel,308.641975308642
131,131,215316,G. Rulli,25,https://cdn.sofifa.org/48/18/players/215316.png,Argentina,83,89,Real Sociedad,https://cdn.sofifa.org/24/18/teams/457.png,25500.0,28.0,1284,Alto nivel,307.2289156626506
156,156,191180,J. Pastore,28,https://cdn.sofifa.org/48/18/players/191180.png,Argentina,83,83,Paris Saint-Germain,https://cdn.sofifa.org/24/18/teams/73.png,25500.0,100.0,2066,Alto nivel,307.2289156626506
157,157,189513,Parejo,28,https://cdn.sofifa.org/48/18/players/189513.png,Spain,83,83,Valencia CF,https://cdn.sofifa.org/24/18/teams/461.png,25500.0,45.0,2089,Alto nivel,307.2289156626506
176,176,177358,M. Schneiderlin,27,https://cdn.sofifa.org/48/18/players/177358.png,France,83,85,Everton,https://cdn.sofifa.org/24/18/teams/7.png,25500.0,115.0,2078,Alto nivel,307.2289156626506
173,173,178562,E. Banega,29,https://cdn.sofifa.org/48/18/players/178562.png,Argentina,83,83,Sevilla FC,https://cdn.sofifa.org/24/18/teams/481.png,25500.0,27.0,2086,Alto nivel,307.2289156626506
169,169,184144,N. Gaitán,29,https://cdn.sofifa.org/48/18/players/184144.png,Argentina,83,83,Atlético Madrid,https://cdn.sofifa.org/24/18/teams/240.png,25500.0,70.0,2006,Alto nivel,307.2289156626506
31,31,41236,Z. Ibrahimović,35,https://cdn.sofifa.org/48/18/players/41236.png,Sweden,88,88,Manchester United,https://cdn.sofifa.org/24/18/teams/11.png,27000.0,240.0,2075,Alto nivel,306.8181818181818
90,90,139720,V. Kompany,31,https://cdn.sofifa.org/48/18/players/139720.png,Belgium,85,85,Manchester City,https://cdn.sofifa.org/24/18/teams/10.png,26000.0,170.0,1913,Alto nivel,305.88235294117646
232,232,202335,E. Dier,23,https://cdn.sofifa.org/48/18/players/202335.png,England,82,87,Tottenham Hotspur,https://cdn.sofifa.org/24/18/teams/18.png,25000.0,85.0,2045,Alto nivel,304.8780487804878
355,355,188988,M. Lanzini,24,https://cdn.sofifa.org/48/18/players/188988.png,Argentina,81,87,West Ham United,https://cdn.sofifa.org/24/18/teams/19.png,24500.0,95.0,1926,Alto nivel,302.4691358024691
312,312,210935,D. Berardi,22,https://cdn.sofifa.org/48/18/players/210935.png,Italy,81,87,Sassuolo,https://cdn.sofifa.org/24/18/teams/111974.png,24500.0,62.0,1996,Alto nivel,302.4691358024691
302,302,222737,Malcom,20,https://cdn.sofifa.org/48/18/players/222737.png,Brazil,81,87,Girondins de Bordeaux,https://cdn.sofifa.org/24/18/teams/59.png,24500.0,47.0,1943,Alto nivel,302.4691358024691
307,307,216201,Williams,23,https://cdn.sofifa.org/48/18/players/216201.png,Spain,81,87,Athletic Club de Bilbao,https://cdn.sofifa.org/24/18/teams/448.png,24500.0,31.0,1953,Alto nivel,302.4691358024691
178,178,176600,K. Gameiro,30,https://cdn.sofifa.org/48/18/players/176600.png,France,83,83,Atlético Madrid,https://cdn.sofifa.org/24/18/teams/240.png,25000.0,73.0,2040,Alto nivel,301.2048192771084
168,168,184431,S. Giovinco,30,https://cdn.sofifa.org/48/18/players/184431.png,Italy,83,83,Toronto FC,https://cdn.sofifa.org/24/18/teams/111651.png,25000.0,15.0,1961,Alto nivel,301.2048192771084
150,150,198009,M. Perin,24,https://cdn.sofifa.org/48/18/players/198009.png,Italy,83,88,Genoa,https://cdn.sofifa.org/24/18/teams/110556.png,25000.0,28.0,1246,Alto nivel,301.2048192771084
171,171,180819,A. Lallana,29,https://cdn.sofifa.org/48/18/players/180819.png,England,83,83,Liverpool,https://cdn.sofifa.org/24/18/teams/9.png,25000.0,135.0,2141,Alto nivel,301.2048192771084
183,183,162240,M. Dembélé,29,https://cdn.sofifa.org/48/18/players/162240.png,Belgium,83,83,Tottenham Hotspur,https://cdn.sofifa.org/24/18/teams/18.png,25000.0,115.0,2186,Alto nivel,301.2048192771084
221,221,205452,A. Rüdiger,24,https://cdn.sofifa.org/48/18/players/205452.png,Germany,82,86,Chelsea,https://cdn.sofifa.org/24/18/teams/5.png,24500.0,105.0,1838,Alto nivel,298.780487804878
255,255,186627,M. Balotelli,26,https://cdn.sofifa.org/48/18/players/186627.png,Italy,82,82,OGC Nice,https://cdn.sofifa.org/24/18/teams/72.png,24500.0,51.0,1887,Alto nivel,298.780487804878
117,117,178750,Sergio Asenjo,28,https://cdn.sofifa.org/48/18/players/178750.png,Spain,84,85,Villarreal CF,https://cdn.sofifa.org/24/18/teams/483.png,25000.0,46.0,1341,Alto nivel,297.6190476190476
116,116,179783,R. Fährmann,28,https://cdn.sofifa.org/48/18/players/179783.png,Germany,84,85,FC Schalke 04,https://cdn.sofifa.org/24/18/teams/34.png,25000.0,54.0,1190,Alto nivel,297.6190476190476
63,63,168609,Miranda,32,https://cdn.sofifa.org/48/18/players/168609.png,Brazil,86,86,Inter,https://cdn.sofifa.org/24/18/teams/44.png,25500.0,115.0,1890,Alto nivel,296.51162790697674
324,324,201995,Felipe Anderson,24,https://cdn.sofifa.org/48/18/players/201995.png,Brazil,81,86,Lazio,https://cdn.sofifa.org/24/18/teams/46.png,24000.0,57.0,2043,Alto nivel,296.2962962962963
313,313,210896,M. Sanson,22,https://cdn.sofifa.org/48/18/players/210896.png,France,81,87,Olympique de Marseille,https://cdn.sofifa.org/24/18/teams/219.png,24000.0,34.0,2183,Alto nivel,296.2962962962963
315,315,209889,R. Guerreiro,23,https://cdn.sofifa.org/48/18/players/209889.png,Portugal,81,86,Borussia Dortmund,https://cdn.sofifa.org/24/18/teams/22.png,24000.0,58.0,2171,Alto nivel,296.2962962962963
331,331,199189,R. Barkley,23,https://cdn.sofifa.org/48/18/players/199189.png,England,81,86,Everton,https://cdn.sofifa.org/24/18/teams/7.png,24000.0,105.0,2021,Alto nivel,296.2962962962963
311,311,211368,Bruma,22,https://cdn.sofifa.org/48/18/players/211368.png,Portugal,81,86,RB Leipzig,https://cdn.sofifa.org/24/18/teams/112172.png,24000.0,63.0,1982,Alto nivel,296.2962962962963
165,165,185239,O. Toprak,27,https://cdn.sofifa.org/48/18/players/185239.png,Turkey,83,84,Borussia Dortmund,https://cdn.sofifa.org/24/18/teams/22.png,24500.0,66.0,1864,Alto nivel,295.1807228915663
166,166,185020,José Callejón,30,https://cdn.sofifa.org/48/18/players/185020.png,Spain,83,83,Napoli,https://cdn.sofifa.org/24/18/teams/48.png,24500.0,87.0,1987,Alto nivel,295.1807228915663
192,192,139068,Nani,30,https://cdn.sofifa.org/48/18/players/139068.png,Portugal,83,83,Lazio,https://cdn.sofifa.org/24/18/teams/46.png,24500.0,47.0,1949,Alto nivel,295.1807228915663
152,152,193474,I. Gueye,27,https://cdn.sofifa.org/48/18/players/193474.png,Senegal,83,84,Everton,https://cdn.sofifa.org/24/18/teams/7.png,24500.0,115.0,2045,Alto nivel,295.1807228915663
89,89,164169,Filipe Luís,31,https://cdn.sofifa.org/48/18/players/164169.png,Brazil,85,85,Atlético Madrid,https://cdn.sofifa.org/24/18/teams/240.png,25000.0,81.0,2134,Alto nivel,294.11764705882354
394,394,216393,Y. Tielemans,20,https://cdn.sofifa.org/48/18/players/216393.png,Belgium,80,90,AS Monaco,https://cdn.sofifa.org/24/18/teams/69.png,23500.0,35.0,2099,Alto nivel,293.75
223,223,204639,S. Savić,26,https://cdn.sofifa.org/48/18/players/204639.png,Montenegro,82,86,Atlético Madrid,https://cdn.sofifa.org/24/18/teams/240.png,24000.0,62.0,1692,Alto nivel,292.6829268292683
247,247,190483,Douglas Costa,26,https://cdn.sofifa.org/48/18/players/190483.png,Brazil,82,82,Juventus,https://cdn.sofifa.org/24/18/teams/45.png,24000.0,115.0,2016,Alto nivel,292.6829268292683
224,224,204525,Iñigo Martínez,26,https://cdn.sofifa.org/48/18/players/204525.png,Spain,82,86,Real Sociedad,https://cdn.sofifa.org/24/18/teams/457.png,24000.0,37.0,1961,Alto nivel,292.6829268292683
325,325,201400,Rafinha,24,https://cdn.sofifa.org/48/18/players/201400.png,Brazil,81,86,FC Barcelona,https://cdn.sofifa.org/24/18/teams/241.png,23500.0,140.0,2078,Alto nivel,290.12345679012344
314,314,210008,A. Rabiot,22,https://cdn.sofifa.org/48/18/players/210008.png,France,81,86,Paris Saint-Germain,https://cdn.sofifa.org/24/18/teams/73.png,23500.0,77.0,2097,Alto nivel,290.12345679012344
161,161,188377,K. Walker,27,https://cdn.sofifa.org/48/18/players/188377.png,England,83,84,Manchester City,https://cdn.sofifa.org/24/18/teams/10.png,24000.0,130.0,2164,Alto nivel,289.1566265060241
74,74,193041,K. Navas,30,https://cdn.sofifa.org/48/18/players/193041.png,Costa Rica,85,85,Real Madrid CF,https://cdn.sofifa.org/24/18/teams/243.png,24500.0,165.0,1301,Alto nivel,288.2352941176471
88,88,167628,S. Ruffier,30,https://cdn.sofifa.org/48/18/players/167628.png,France,85,85,AS Saint-Étienne,https://cdn.sofifa.org/24/18/teams/1819.png,24500.0,49.0,1257,Alto nivel,288.2352941176471
278,278,171833,D. Sturridge,27,https://cdn.sofifa.org/48/18/players/171833.png,England,82,82,Liverpool,https://cdn.sofifa.org/24/18/teams/9.png,23500.0,140.0,1882,Alto nivel,286.5853658536585
344,344,193165,J. Corona,24,https://cdn.sofifa.org/48/18/players/193165.png,Mexico,81,85,FC Porto,https://cdn.sofifa.org/24/18/teams/236.png,23000.0,17.0,1969,Alto nivel,283.95061728395063
306,306,216352,M. Brozović,24,https://cdn.sofifa.org/48/18/players/216352.png,Croatia,81,85,Inter,https://cdn.sofifa.org/24/18/teams/44.png,23000.0,64.0,2113,Alto nivel,283.95061728395063
317,317,208670,H. Ziyech,24,https://cdn.sofifa.org/48/18/players/208670.png,Morocco,81,85,Ajax,https://cdn.sofifa.org/24/18/teams/245.png,23000.0,16.0,2043,Alto nivel,283.95061728395063
309,309,213661,A. Christensen,21,https://cdn.sofifa.org/48/18/players/213661.png,Denmark,81,89,Chelsea,https://cdn.sofifa.org/24/18/teams/5.png,23000.0,86.0,1720,Alto nivel,283.95061728395063
170,170,181783,M. Mandžukić,31,https://cdn.sofifa.org/48/18/players/181783.png,Croatia,83,83,Juventus,https://cdn.sofifa.org/24/18/teams/45.png,23500.0,135.0,2104,Alto nivel,283.13253012048193
239,239,197965,Pizzi,27,https://cdn.sofifa.org/48/18/players/197965.png,Portugal,82,82,SL Benfica,https://cdn.sofifa.org/24/18/teams/234.png,23000.0,19.0,2165,Alto nivel,280.4878048780488
258,258,184484,G. Sigurðsson,27,https://cdn.sofifa.org/48/18/players/184484.png,Iceland,82,82,Everton,https://cdn.sofifa.org/24/18/teams/7.png,23000.0,130.0,2096,Alto nivel,280.4878048780488
238,238,198164,Jonathan Viera,27,https://cdn.sofifa.org/48/18/players/198164.png,Spain,82,82,UD Las Palmas,https://cdn.sofifa.org/24/18/teams/472.png,23000.0,31.0,2099,Alto nivel,280.4878048780488
259,259,184267,Y. Brahimi,27,https://cdn.sofifa.org/48/18/players/184267.png,Algeria,82,82,FC Porto,https://cdn.sofifa.org/24/18/teams/236.png,23000.0,21.0,1971,Alto nivel,280.4878048780488
228,228,202857,K. Bellarabi,27,https://cdn.sofifa.org/48/18/players/202857.png,Germany,82,82,Bayer 04 Leverkusen,https://cdn.sofifa.org/24/18/teams/32.png,23000.0,67.0,1965,Alto nivel,280.4878048780488
254,254,187072,L. Stindl,28,https://cdn.sofifa.org/48/18/players/187072.png,Germany,82,82,Borussia Mönchengladbach,https://cdn.sofifa.org/24/18/teams/23.png,23000.0,56.0,2173,Alto nivel,280.4878048780488
251,251,188942,V. Wanyama,26,https://cdn.sofifa.org/48/18/players/188942.png,Kenya,82,85,Tottenham Hotspur,https://cdn.sofifa.org/24/18/teams/18.png,23000.0,99.0,2103,Alto nivel,280.4878048780488
332,332,198951,C. Bakambu,26,https://cdn.sofifa.org/48/18/players/198951.png,DR Congo,81,84,Villarreal CF,https://cdn.sofifa.org/24/18/teams/483.png,22500.0,45.0,1967,Alto nivel,277.77777777777777
347,347,192318,M. Götze,25,https://cdn.sofifa.org/48/18/players/192318.png,Germany,81,85,Borussia Dortmund,https://cdn.sofifa.org/24/18/teams/22.png,22500.0,63.0,1972,Alto nivel,277.77777777777777
333,333,198717,W. Zaha,24,https://cdn.sofifa.org/48/18/players/198717.png,Ivory Coast,81,84,Crystal Palace,https://cdn.sofifa.org/24/18/teams/1799.png,22500.0,60.0,1897,Alto nivel,277.77777777777777
399,399,212194,J. Brandt,21,https://cdn.sofifa.org/48/18/players/212194.png,Germany,80,88,Bayer 04 Leverkusen,https://cdn.sofifa.org/24/18/teams/32.png,22000.0,49.0,1847,Alto nivel,275.0
392,392,231677,M. Rashford,19,https://cdn.sofifa.org/48/18/players/231677.png,England,80,89,Manchester United,https://cdn.sofifa.org/24/18/teams/11.png,22000.0,74.0,2006,Alto nivel,275.0
280,280,169416,C. Vela,28,https://cdn.sofifa.org/48/18/players/169416.png,Mexico,82,82,Real Sociedad,https://cdn.sofifa.org/24/18/teams/457.png,22500.0,46.0,1963,Alto nivel,274.390243902439
217,217,207471,F. Vázquez,28,https://cdn.sofifa.org/48/18/players/207471.png,Italy,82,82,Sevilla FC,https://cdn.sofifa.org/24/18/teams/481.png,22500.0,27.0,1992,Alto nivel,274.390243902439
260,260,184200,M. Arnautović,28,https://cdn.sofifa.org/48/18/players/184200.png,Austria,82,82,West Ham United,https://cdn.sofifa.org/24/18/teams/19.png,22500.0,125.0,2094,Alto nivel,274.390243902439
119,119,177509,M. Benatia,30,https://cdn.sofifa.org/48/18/players/177509.png,Morocco,84,84,Juventus,https://cdn.sofifa.org/24/18/teams/45.png,23000.0,145.0,1764,Alto nivel,273.8095238095238
319,319,205498,Jorginho,25,https://cdn.sofifa.org/48/18/players/205498.png,Italy,81,84,Napoli,https://cdn.sofifa.org/24/18/teams/48.png,22000.0,71.0,2114,Alto nivel,271.60493827160496
305,305,216354,A. Kramarić,26,https://cdn.sofifa.org/48/18/players/216354.png,Croatia,81,83,TSG 1899 Hoffenheim,https://cdn.sofifa.org/24/18/teams/10029.png,22000.0,50.0,1949,Alto nivel,271.60493827160496
361,361,184111,C. Benteke,26,https://cdn.sofifa.org/48/18/players/184111.png,Belgium,81,83,Crystal Palace,https://cdn.sofifa.org/24/18/teams/1799.png,22000.0,75.0,1872,Alto nivel,271.60493827160496
353,353,189461,J. Wilshere,25,https://cdn.sofifa.org/48/18/players/189461.png,England,81,84,Arsenal,https://cdn.sofifa.org/24/18/teams/1.png,22000.0,115.0,2102,Alto nivel,271.60493827160496
148,148,199482,A. Lopes,26,https://cdn.sofifa.org/48/18/players/199482.png,Portugal,83,86,Olympique Lyonnais,https://cdn.sofifa.org/24/18/teams/66.png,22500.0,60.0,1317,Alto nivel,271.0843373493976
202,202,217699,I. Slimani,29,https://cdn.sofifa.org/48/18/players/217699.png,Algeria,82,82,Leicester City,https://cdn.sofifa.org/24/18/teams/95.png,22000.0,100.0,1988,Alto nivel,268.2926829268293
262,262,183574,M. Kruse,29,https://cdn.sofifa.org/48/18/players/183574.png,Germany,82,82,SV Werder Bremen,https://cdn.sofifa.org/24/18/teams/38.png,22000.0,47.0,2053,Alto nivel,268.2926829268293
226,226,203551,A. Florenzi,26,https://cdn.sofifa.org/48/18/players/203551.png,Italy,82,84,Roma,https://cdn.sofifa.org/24/18/teams/52.png,22000.0,73.0,2265,Alto nivel,268.2926829268293
271,271,178224,J. Hernández,29,https://cdn.sofifa.org/48/18/players/178224.png,Mexico,82,82,West Ham United,https://cdn.sofifa.org/24/18/teams/19.png,22000.0,135.0,1917,Alto nivel,268.2926829268293
248,248,190456,N. Clyne,26,https://cdn.sofifa.org/48/18/players/190456.png,England,82,84,Liverpool,https://cdn.sofifa.org/24/18/teams/9.png,22000.0,115.0,2057,Alto nivel,268.2926829268293
304,304,220793,D. Sánchez,21,https://cdn.sofifa.org/48/18/players/220793.png,Colombia,81,88,Tottenham Hotspur,https://cdn.sofifa.org/24/18/teams/18.png,21500.0,70.0,1745,Alto nivel,265.4320987654321
261,261,183711,J. Henderson,27,https://cdn.sofifa.org/48/18/players/183711.png,England,82,84,Liverpool,https://cdn.sofifa.org/24/18/teams/9.png,21500.0,115.0,2183,Alto nivel,262.1951219512195
252,252,188803,Taison,29,https://cdn.sofifa.org/48/18/players/188803.png,Brazil,82,82,Shakhtar Donetsk,https://cdn.sofifa.org/24/18/teams/101059.png,21500.0,1.0,2045,Alto nivel,262.1951219512195
269,269,178509,O. Giroud,30,https://cdn.sofifa.org/48/18/players/178509.png,France,82,82,Arsenal,https://cdn.sofifa.org/24/18/teams/1.png,21500.0,140.0,1933,Alto nivel,262.1951219512195
245,245,193082,J. Cuadrado,29,https://cdn.sofifa.org/48/18/players/193082.png,Colombia,82,82,Juventus,https://cdn.sofifa.org/24/18/teams/45.png,21500.0,130.0,2111,Alto nivel,262.1951219512195
216,216,207664,C. Bacca,30,https://cdn.sofifa.org/48/18/players/207664.png,Colombia,82,82,Villarreal CF,https://cdn.sofifa.org/24/18/teams/483.png,21500.0,125.0,1872,Alto nivel,262.1951219512195
219,219,206652,Sergio Rico,23,https://cdn.sofifa.org/48/18/players/206652.png,Spain,82,87,Sevilla FC,https://cdn.sofifa.org/24/18/teams/481.png,21500.0,16.0,1225,Alto nivel,262.1951219512195
253,253,187754,Marlos,29,https://cdn.sofifa.org/48/18/players/187754.png,Brazil,82,82,Shakhtar Donetsk,https://cdn.sofifa.org/24/18/teams/101059.png,21500.0,1.0,2060,Alto nivel,262.1951219512195
66,66,156616,F. Ribéry,34,https://cdn.sofifa.org/48/18/players/156616.png,France,86,86,FC Bayern Munich,https://cdn.sofifa.org/24/18/teams/21.png,22500.0,175.0,1965,Alto nivel,261.6279069767442
338,338,195365,K. Kampl,26,https://cdn.sofifa.org/48/18/players/195365.png,Slovenia,81,83,RB Leipzig,https://cdn.sofifa.org/24/18/teams/112172.png,21000.0,73.0,2030,Alto nivel,259.25925925925924
303,303,222028,J. Weigl,21,https://cdn.sofifa.org/48/18/players/222028.png,Germany,81,87,Borussia Dortmund,https://cdn.sofifa.org/24/18/teams/22.png,21000.0,46.0,1940,Alto nivel,259.25925925925924
367,367,181820,S. Jovetić,27,https://cdn.sofifa.org/48/18/players/181820.png,Montenegro,81,82,AS Monaco,https://cdn.sofifa.org/24/18/teams/69.png,21000.0,48.0,1977,Alto nivel,259.25925925925924
318,318,207599,M. Keane,24,https://cdn.sofifa.org/48/18/players/207599.png,England,81,87,Everton,https://cdn.sofifa.org/24/18/teams/7.png,21000.0,91.0,1888,Alto nivel,259.25925925925924
320,320,203747,Héctor Bellerín,22,https://cdn.sofifa.org/48/18/players/203747.png,Spain,81,88,Arsenal,https://cdn.sofifa.org/24/18/teams/1.png,21000.0,91.0,2005,Alto nivel,259.25925925925924
322,322,202685,S. Zaza,26,https://cdn.sofifa.org/48/18/players/202685.png,Italy,81,82,Valencia CF,https://cdn.sofifa.org/24/18/teams/461.png,21000.0,44.0,1971,Alto nivel,259.25925925925924
329,329,199451,W. Ben Yedder,26,https://cdn.sofifa.org/48/18/players/199451.png,France,81,82,Sevilla FC,https://cdn.sofifa.org/24/18/teams/481.png,21000.0,26.0,2015,Alto nivel,259.25925925925924
76,76,192593,D. Subašić,32,https://cdn.sofifa.org/48/18/players/192593.png,Croatia,85,85,AS Monaco,https://cdn.sofifa.org/24/18/teams/69.png,22000.0,46.0,1305,Alto nivel,258.8235294117647
403,403,210406,P. Zieliński,23,https://cdn.sofifa.org/48/18/players/210406.png,Poland,80,87,Napoli,https://cdn.sofifa.org/24/18/teams/48.png,20500.0,64.0,2037,Alto nivel,256.25
411,411,206467,A. Pléa,24,https://cdn.sofifa.org/48/18/players/206467.png,France,80,86,OGC Nice,https://cdn.sofifa.org/24/18/teams/72.png,20500.0,41.0,2048,Alto nivel,256.25
416,416,205192,Denis Suárez,23,https://cdn.sofifa.org/48/18/players/205192.png,Spain,80,87,FC Barcelona,https://cdn.sofifa.org/24/18/teams/241.png,20500.0,140.0,2005,Alto nivel,256.25
279,279,169595,D. Rose,26,https://cdn.sofifa.org/48/18/players/169595.png,England,82,83,Tottenham Hotspur,https://cdn.sofifa.org/24/18/teams/18.png,21000.0,99.0,2117,Alto nivel,256.0975609756098
233,233,201862,M. Rojo,27,https://cdn.sofifa.org/48/18/players/201862.png,Argentina,82,83,Manchester United,https://cdn.sofifa.org/24/18/teams/11.png,21000.0,130.0,2045,Alto nivel,256.0975609756098
283,283,165239,S. Nasri,30,https://cdn.sofifa.org/48/18/players/165239.png,France,82,82,Antalyaspor,https://cdn.sofifa.org/24/18/teams/741.png,21000.0,29.0,1931,Alto nivel,256.0975609756098
360,360,184942,Giuliano,27,https://cdn.sofifa.org/48/18/players/184942.png,Brazil,81,82,Fenerbahçe SK,https://cdn.sofifa.org/24/18/teams/326.png,20500.0,80.0,2037,Alto nivel,253.08641975308643
310,310,212622,J. Kimmich,22,https://cdn.sofifa.org/48/18/players/212622.png,Germany,81,87,FC Bayern Munich,https://cdn.sofifa.org/24/18/teams/21.png,20500.0,81.0,2158,Alto nivel,253.08641975308643
356,356,188388,R. Boudebouz,27,https://cdn.sofifa.org/48/18/players/188388.png,Algeria,81,82,Real Betis Balompié,https://cdn.sofifa.org/24/18/teams/449.png,20500.0,32.0,1987,Alto nivel,253.08641975308643
300,300,227928,Nélson Semedo,23,https://cdn.sofifa.org/48/18/players/227928.png,Portugal,81,87,FC Barcelona,https://cdn.sofifa.org/24/18/teams/241.png,20500.0,125.0,2037,Alto nivel,253.08641975308643
175,175,177683,Y. Sommer,28,https://cdn.sofifa.org/48/18/players/177683.png,Switzerland,83,84,Borussia Mönchengladbach,https://cdn.sofifa.org/24/18/teams/23.png,21000.0,39.0,1299,Alto nivel,253.0120481927711
163,163,187936,S. N'Zonzi,28,https://cdn.sofifa.org/48/18/players/187936.png,France,83,83,Sevilla FC,https://cdn.sofifa.org/24/18/teams/481.png,21000.0,25.0,2032,Alto nivel,253.0120481927711
155,155,191202,N. Matić,28,https://cdn.sofifa.org/48/18/players/191202.png,Serbia,83,83,Manchester United,https://cdn.sofifa.org/24/18/teams/11.png,21000.0,140.0,2120,Alto nivel,253.0120481927711
272,272,177600,Beñat,30,https://cdn.sofifa.org/48/18/players/177600.png,Spain,82,82,Athletic Club de Bilbao,https://cdn.sofifa.org/24/18/teams/448.png,20500.0,35.0,2106,Alto nivel,250.0
417,417,204529,M. Batshuayi,23,https://cdn.sofifa.org/48/18/players/204529.png,Belgium,80,85,Chelsea,https://cdn.sofifa.org/24/18/teams/5.png,20000.0,120.0,1852,Alto nivel,250.0
431,431,198784,A. Oxlade-Chamberlain,23,https://cdn.sofifa.org/48/18/players/198784.png,England,80,85,Liverpool,https://cdn.sofifa.org/24/18/teams/9.png,20000.0,105.0,2004,Alto nivel,250.0
402,402,210617,Samu Castillejo,22,https://cdn.sofifa.org/48/18/players/210617.png,Spain,80,85,Villarreal CF,https://cdn.sofifa.org/24/18/teams/483.png,20000.0,36.0,1896,Alto nivel,250.0
393,393,223848,S. Milinković-Savić,22,https://cdn.sofifa.org/48/18/players/223848.png,Serbia,80,86,Lazio,https://cdn.sofifa.org/24/18/teams/46.png,20000.0,52.0,2093,Alto nivel,250.0
123,123,164468,G. Cahill,31,https://cdn.sofifa.org/48/18/players/164468.png,England,84,84,Chelsea,https://cdn.sofifa.org/24/18/teams/5.png,21000.0,160.0,1839,Alto nivel,250.0
122,122,165229,L. Koscielny,31,https://cdn.sofifa.org/48/18/players/165229.png,France,84,84,Arsenal,https://cdn.sofifa.org/24/18/teams/1.png,21000.0,150.0,1866,Alto nivel,250.0
288,288,162347,João Moutinho,30,https://cdn.sofifa.org/48/18/players/162347.png,Portugal,82,82,AS Monaco,https://cdn.sofifa.org/24/18/teams/69.png,20500.0,48.0,2192,Alto nivel,250.0
282,282,167431,G. Castro,30,https://cdn.sofifa.org/48/18/players/167431.png,Germany,82,82,Borussia Dortmund,https://cdn.sofifa.org/24/18/teams/22.png,20500.0,72.0,2156,Alto nivel,250.0
294,294,143745,A. Turan,30,https://cdn.sofifa.org/48/18/players/143745.png,Turkey,82,82,FC Barcelona,https://cdn.sofifa.org/24/18/teams/241.png,20500.0,170.0,2141,Alto nivel,250.0
354,354,189251,S. Rudy,27,https://cdn.sofifa.org/48/18/players/189251.png,Germany,81,82,FC Bayern Munich,https://cdn.sofifa.org/24/18/teams/21.png,20000.0,105.0,2119,Alto nivel,246.91358024691357
243,243,193469,Víctor Ruíz,28,https://cdn.sofifa.org/48/18/players/193469.png,Spain,82,83,Villarreal CF,https://cdn.sofifa.org/24/18/teams/483.png,20000.0,43.0,1833,Alto nivel,243.90243902439025
292,292,150418,M. Gómez,31,https://cdn.sofifa.org/48/18/players/150418.png,Germany,82,82,VfL Wolfsburg,https://cdn.sofifa.org/24/18/teams/175.png,20000.0,85.0,1832,Alto nivel,243.90243902439025
273,273,177457,L. Bender,28,https://cdn.sofifa.org/48/18/players/177457.png,Germany,82,83,Bayer 04 Leverkusen,https://cdn.sofifa.org/24/18/teams/32.png,20000.0,64.0,2038,Alto nivel,243.90243902439025
406,406,209297,Fred,24,https://cdn.sofifa.org/48/18/players/209297.png,Brazil,80,85,Shakhtar Donetsk,https://cdn.sofifa.org/24/18/teams/101059.png,19500.0,1.0,2123,Alto nivel,243.75
408,408,208333,E. Can,23,https://cdn.sofifa.org/48/18/players/208333.png,Germany,80,85,Liverpool,https://cdn.sofifa.org/24/18/teams/9.png,19500.0,105.0,2135,Alto nivel,243.75
433,433,196934,O. Özyakup,24,https://cdn.sofifa.org/48/18/players/196934.png,Turkey,80,85,Beşiktaş JK,https://cdn.sofifa.org/24/18/teams/327.png,19500.0,54.0,2127,Alto nivel,243.75
421,421,203486,T. Hazard,24,https://cdn.sofifa.org/48/18/players/203486.png,Belgium,80,84,Borussia Mönchengladbach,https://cdn.sofifa.org/24/18/teams/23.png,19500.0,44.0,2011,Alto nivel,243.75
396,396,213296,N. Bentaleb,22,https://cdn.sofifa.org/48/18/players/213296.png,Algeria,80,85,FC Schalke 04,https://cdn.sofifa.org/24/18/teams/34.png,19500.0,42.0,2071,Alto nivel,243.75
400,400,211748,K. Demirbay,23,https://cdn.sofifa.org/48/18/players/211748.png,Germany,80,84,TSG 1899 Hoffenheim,https://cdn.sofifa.org/24/18/teams/10029.png,19500.0,40.0,2054,Alto nivel,243.75
172,172,179784,B. Höwedes,29,https://cdn.sofifa.org/48/18/players/179784.png,Germany,83,83,Juventus,https://cdn.sofifa.org/24/18/teams/45.png,20000.0,50.0,1862,Alto nivel,240.96385542168676
184,184,161956,Borja Valero,32,https://cdn.sofifa.org/48/18/players/161956.png,Spain,83,83,Inter,https://cdn.sofifa.org/24/18/teams/44.png,20000.0,80.0,2089,Alto nivel,240.96385542168676
154,154,192366,N. Otamendi,29,https://cdn.sofifa.org/48/18/players/192366.png,Argentina,83,83,Manchester City,https://cdn.sofifa.org/24/18/teams/10.png,20000.0,140.0,1886,Alto nivel,240.96385542168676
328,328,199564,Sergi Roberto,25,https://cdn.sofifa.org/48/18/players/199564.png,Spain,81,86,FC Barcelona,https://cdn.sofifa.org/24/18/teams/241.png,19500.0,140.0,2071,Alto nivel,240.74074074074073
401,401,211320,D. Rugani,22,https://cdn.sofifa.org/48/18/players/211320.png,Italy,80,88,Juventus,https://cdn.sofifa.org/24/18/teams/45.png,19000.0,88.0,1691,Alto nivel,237.5
414,414,205976,Leo Baptistao,24,https://cdn.sofifa.org/48/18/players/205976.png,Brazil,80,83,RCD Espanyol,https://cdn.sofifa.org/24/18/teams/452.png,19000.0,36.0,1857,Alto nivel,237.5
425,425,200610,K. Volland,24,https://cdn.sofifa.org/48/18/players/200610.png,Germany,80,83,Bayer 04 Leverkusen,https://cdn.sofifa.org/24/18/teams/32.png,19000.0,59.0,2065,Alto nivel,237.5
448,448,190813,S. El Shaarawy,24,https://cdn.sofifa.org/48/18/players/190813.png,Italy,80,83,Roma,https://cdn.sofifa.org/24/18/teams/52.png,19000.0,71.0,1873,Alto nivel,237.5
189,189,146562,Santi Cazorla,32,https://cdn.sofifa.org/48/18/players/146562.png,Spain,83,83,Arsenal,https://cdn.sofifa.org/24/18/teams/1.png,19500.0,130.0,2120,Alto nivel,234.93975903614458
335,335,197853,S. Aurier,24,https://cdn.sofifa.org/48/18/players/197853.png,Ivory Coast,81,85,Tottenham Hotspur,https://cdn.sofifa.org/24/18/teams/18.png,19000.0,79.0,2136,Alto nivel,234.5679012345679
430,430,198950,Pablo Sarabia,25,https://cdn.sofifa.org/48/18/players/198950.png,Spain,80,83,Sevilla FC,https://cdn.sofifa.org/24/18/teams/481.png,18500.0,23.0,1862,Alto nivel,231.25
429,429,199110,L. Muriel,26,https://cdn.sofifa.org/48/18/players/199110.png,Colombia,80,83,Sevilla FC,https://cdn.sofifa.org/24/18/teams/481.png,18500.0,26.0,1900,Alto nivel,231.25
486,486,170368,E. Lamela,25,https://cdn.sofifa.org/48/18/players/170368.png,Argentina,80,83,Tottenham Hotspur,https://cdn.sofifa.org/24/18/teams/18.png,18500.0,96.0,2047,Alto nivel,231.25
182,182,163587,K. Schmeichel,30,https://cdn.sofifa.org/48/18/players/163587.png,Denmark,83,84,Leicester City,https://cdn.sofifa.org/24/18/teams/95.png,19000.0,65.0,1355,Alto nivel,228.9156626506024
180,180,170481,E. Garay,30,https://cdn.sofifa.org/48/18/players/170481.png,Argentina,83,83,Valencia CF,https://cdn.sofifa.org/24/18/teams/461.png,19000.0,40.0,1952,Alto nivel,228.9156626506024
323,323,202371,T. Meunier,25,https://cdn.sofifa.org/48/18/players/202371.png,Belgium,81,84,Paris Saint-Germain,https://cdn.sofifa.org/24/18/teams/73.png,18500.0,77.0,2141,Alto nivel,228.39506172839506
330,330,199354,Lucas Pérez,28,https://cdn.sofifa.org/48/18/players/199354.png,Spain,81,81,RC Deportivo de La Coruña,https://cdn.sofifa.org/24/18/teams/242.png,18500.0,135.0,2005,Alto nivel,228.39506172839506
340,340,194794,A. Yarmolenko,27,https://cdn.sofifa.org/48/18/players/194794.png,Ukraine,81,81,Borussia Dortmund,https://cdn.sofifa.org/24/18/teams/22.png,18500.0,72.0,2024,Alto nivel,228.39506172839506
341,341,193738,Y. Belhanda,27,https://cdn.sofifa.org/48/18/players/193738.png,Morocco,81,81,Galatasaray SK,https://cdn.sofifa.org/24/18/teams/325.png,18500.0,71.0,2133,Alto nivel,228.39506172839506
343,343,193352,R. Rodríguez,24,https://cdn.sofifa.org/48/18/players/193352.png,Switzerland,81,84,Milan,https://cdn.sofifa.org/24/18/teams/47.png,18500.0,83.0,2179,Alto nivel,228.39506172839506
250,250,188943,K. Trapp,26,https://cdn.sofifa.org/48/18/players/188943.png,Germany,82,84,Paris Saint-Germain,https://cdn.sofifa.org/24/18/teams/73.png,18500.0,71.0,1194,Alto nivel,225.609756097561
442,442,193061,R. Pereyra,26,https://cdn.sofifa.org/48/18/players/193061.png,Argentina,80,83,Watford,https://cdn.sofifa.org/24/18/teams/1795.png,18000.0,69.0,2076,Alto nivel,225.0
364,364,183483,K. Mitroglou,29,https://cdn.sofifa.org/48/18/players/183483.png,Greece,81,81,Olympique de Marseille,https://cdn.sofifa.org/24/18/teams/219.png,18000.0,44.0,1800,Alto nivel,222.22222222222223
359,359,185431,N. Kalinić,29,https://cdn.sofifa.org/48/18/players/185431.png,Croatia,81,81,Milan,https://cdn.sofifa.org/24/18/teams/47.png,18000.0,84.0,1892,Alto nivel,222.22222222222223
362,362,183900,D. Perotti,28,https://cdn.sofifa.org/48/18/players/183900.png,Argentina,81,81,Roma,https://cdn.sofifa.org/24/18/teams/52.png,18000.0,84.0,1921,Alto nivel,222.22222222222223
334,334,198141,Bartra,26,https://cdn.sofifa.org/48/18/players/198141.png,Spain,81,83,Borussia Dortmund,https://cdn.sofifa.org/24/18/teams/22.png,18000.0,61.0,2010,Alto nivel,222.22222222222223
345,345,192789,Mario Gaspar,26,https://cdn.sofifa.org/48/18/players/192789.png,Spain,81,84,Villarreal CF,https://cdn.sofifa.org/24/18/teams/483.png,18000.0,38.0,2092,Alto nivel,222.22222222222223
357,357,188005,Camacho,27,https://cdn.sofifa.org/48/18/players/188005.png,Spain,81,84,VfL Wolfsburg,https://cdn.sofifa.org/24/18/teams/175.png,18000.0,66.0,2026,Alto nivel,222.22222222222223
336,336,197655,S. Coates,26,https://cdn.sofifa.org/48/18/players/197655.png,Uruguay,81,83,Sporting CP,https://cdn.sofifa.org/24/18/teams/237.png,18000.0,21.0,1723,Alto nivel,222.22222222222223
349,349,190584,Illarramendi,27,https://cdn.sofifa.org/48/18/players/190584.png,Spain,81,81,Real Sociedad,https://cdn.sofifa.org/24/18/teams/457.png,18000.0,37.0,2043,Alto nivel,222.22222222222223
321,321,203042,J. Butland,24,https://cdn.sofifa.org/48/18/players/203042.png,England,81,87,Stoke City,https://cdn.sofifa.org/24/18/teams/1806.png,18000.0,50.0,1225,Alto nivel,222.22222222222223
111,111,184120,Bruno,33,https://cdn.sofifa.org/48/18/players/184120.png,Spain,84,84,Villarreal CF,https://cdn.sofifa.org/24/18/teams/483.png,18500.0,59.0,2059,Alto nivel,220.23809523809524
215,215,207863,Felipe,28,https://cdn.sofifa.org/48/18/players/207863.png,Brazil,82,82,FC Porto,https://cdn.sofifa.org/24/18/teams/236.png,18000.0,20.0,1799,Alto nivel,219.5121951219512
225,225,204277,Roque Mesa,28,https://cdn.sofifa.org/48/18/players/204277.png,Spain,82,82,Swansea City,https://cdn.sofifa.org/24/18/teams/1960.png,18000.0,85.0,2009,Alto nivel,219.5121951219512
241,241,193698,O. Baumann,27,https://cdn.sofifa.org/48/18/players/193698.png,Germany,82,84,TSG 1899 Hoffenheim,https://cdn.sofifa.org/24/18/teams/10029.png,18000.0,37.0,1209,Alto nivel,219.5121951219512
264,264,183376,L. Fejsa,28,https://cdn.sofifa.org/48/18/players/183376.png,Serbia,82,82,SL Benfica,https://cdn.sofifa.org/24/18/teams/234.png,18000.0,18.0,1942,Alto nivel,219.5121951219512
257,257,186153,W. Szczęsny,27,https://cdn.sofifa.org/48/18/players/186153.png,Poland,82,84,Juventus,https://cdn.sofifa.org/24/18/teams/45.png,18000.0,90.0,1250,Alto nivel,219.5121951219512
426,426,199914,Allan,26,https://cdn.sofifa.org/48/18/players/199914.png,Brazil,80,82,Napoli,https://cdn.sofifa.org/24/18/teams/48.png,17500.0,74.0,2105,Alto nivel,218.75
435,435,194879,Sergi Enrich,27,https://cdn.sofifa.org/48/18/players/194879.png,Spain,80,81,SD Eibar,https://cdn.sofifa.org/24/18/teams/467.png,17500.0,31.0,1916,Alto nivel,218.75
457,457,187491,F. Smolov,27,https://cdn.sofifa.org/48/18/players/187491.png,Russia,80,81,FC Krasnodar,https://cdn.sofifa.org/24/18/teams/112218.png,17500.0,59.0,1957,Alto nivel,218.75
395,395,215792,Jemerson,24,https://cdn.sofifa.org/48/18/players/215792.png,Brazil,80,86,AS Monaco,https://cdn.sofifa.org/24/18/teams/69.png,17500.0,35.0,1700,Alto nivel,218.75
458,458,186146,D. Welbeck,26,https://cdn.sofifa.org/48/18/players/186146.png,England,80,81,Arsenal,https://cdn.sofifa.org/24/18/teams/1.png,17500.0,130.0,1972,Alto nivel,218.75
439,439,193361,R. Soriano,26,https://cdn.sofifa.org/48/18/players/193361.png,Italy,80,81,Villarreal CF,https://cdn.sofifa.org/24/18/teams/483.png,17500.0,42.0,2122,Alto nivel,218.75
449,449,190717,M. Antonio,27,https://cdn.sofifa.org/48/18/players/190717.png,England,80,81,West Ham United,https://cdn.sofifa.org/24/18/teams/19.png,17500.0,120.0,2074,Alto nivel,218.75
440,440,193130,A. Schürrle,26,https://cdn.sofifa.org/48/18/players/193130.png,Germany,80,81,Borussia Dortmund,https://cdn.sofifa.org/24/18/teams/22.png,17500.0,66.0,2037,Alto nivel,218.75
405,405,210035,Grimaldo,21,https://cdn.sofifa.org/48/18/players/210035.png,Spain,80,87,SL Benfica,https://cdn.sofifa.org/24/18/teams/234.png,17500.0,12.0,2092,Alto nivel,218.75
339,339,195086,D. Lovren,27,https://cdn.sofifa.org/48/18/players/195086.png,Croatia,81,83,Liverpool,https://cdn.sofifa.org/24/18/teams/9.png,17500.0,110.0,1739,Alto nivel,216.0493827160494
352,352,189574,Iturraspe,28,https://cdn.sofifa.org/48/18/players/189574.png,Spain,81,81,Athletic Club de Bilbao,https://cdn.sofifa.org/24/18/teams/448.png,17500.0,33.0,1957,Alto nivel,216.0493827160494
346,346,192638,Marcos Alonso,26,https://cdn.sofifa.org/48/18/players/192638.png,Spain,81,83,Chelsea,https://cdn.sofifa.org/24/18/teams/5.png,17500.0,115.0,2118,Alto nivel,216.0493827160494
326,326,200724,Nacho Fernández,27,https://cdn.sofifa.org/48/18/players/200724.png,Spain,81,83,Real Madrid CF,https://cdn.sofifa.org/24/18/teams/243.png,17500.0,145.0,1838,Alto nivel,216.0493827160494
358,358,187961,Paulinho,28,https://cdn.sofifa.org/48/18/players/187961.png,Brazil,81,81,FC Barcelona,https://cdn.sofifa.org/24/18/teams/241.png,17500.0,165.0,2168,Alto nivel,216.0493827160494
337,337,197242,G. Krychowiak,27,https://cdn.sofifa.org/48/18/players/197242.png,Poland,81,83,West Bromwich Albion,https://cdn.sofifa.org/24/18/teams/109.png,17500.0,81.0,1992,Alto nivel,216.0493827160494
374,374,172175,K. Mirallas,29,https://cdn.sofifa.org/48/18/players/172175.png,Belgium,81,81,Everton,https://cdn.sofifa.org/24/18/teams/7.png,17500.0,125.0,2059,Alto nivel,216.0493827160494
293,293,144622,Raffael,32,https://cdn.sofifa.org/48/18/players/144622.png,Brazil,82,82,Borussia Mönchengladbach,https://cdn.sofifa.org/24/18/teams/23.png,17500.0,54.0,2051,Alto nivel,213.41463414634146
404,404,210243,Ricardo Pereira,23,https://cdn.sofifa.org/48/18/players/210243.png,Portugal,80,86,FC Porto,https://cdn.sofifa.org/24/18/teams/236.png,17000.0,15.0,2120,Alto nivel,212.5
418,418,204082,J. Brooks,24,https://cdn.sofifa.org/48/18/players/204082.png,United States,80,85,VfL Wolfsburg,https://cdn.sofifa.org/24/18/teams/175.png,17000.0,57.0,1738,Alto nivel,212.5
456,456,187688,Ganso,27,https://cdn.sofifa.org/48/18/players/187688.png,Brazil,80,81,Sevilla FC,https://cdn.sofifa.org/24/18/teams/481.png,17000.0,24.0,1870,Alto nivel,212.5
438,438,193886,D. Didavi,27,https://cdn.sofifa.org/48/18/players/193886.png,Germany,80,81,VfL Wolfsburg,https://cdn.sofifa.org/24/18/teams/175.png,17000.0,73.0,2074,Alto nivel,212.5
185,185,159147,L. Perrin,31,https://cdn.sofifa.org/48/18/players/159147.png,France,83,83,AS Saint-Étienne,https://cdn.sofifa.org/24/18/teams/1819.png,17500.0,46.0,2046,Alto nivel,210.84337349397592
174,174,178005,Rui Patrício,29,https://cdn.sofifa.org/48/18/players/178005.png,Portugal,83,83,Sporting CP,https://cdn.sofifa.org/24/18/teams/237.png,17500.0,19.0,1350,Alto nivel,210.84337349397592
186,186,158963,L. Biglia,31,https://cdn.sofifa.org/48/18/players/158963.png,Argentina,83,83,Milan,https://cdn.sofifa.org/24/18/teams/47.png,17500.0,105.0,2129,Alto nivel,210.84337349397592
378,378,161648,H. Ben Arfa,30,https://cdn.sofifa.org/48/18/players/161648.png,France,81,81,Paris Saint-Germain,https://cdn.sofifa.org/24/18/teams/73.png,17000.0,88.0,1997,Alto nivel,209.87654320987653
365,365,183285,M. Sakho,27,https://cdn.sofifa.org/48/18/players/183285.png,France,81,82,Crystal Palace,https://cdn.sofifa.org/24/18/teams/1799.png,17000.0,63.0,1728,Alto nivel,209.87654320987653
351,351,189881,C. Smalling,27,https://cdn.sofifa.org/48/18/players/189881.png,England,81,82,Manchester United,https://cdn.sofifa.org/24/18/teams/11.png,17000.0,120.0,1826,Alto nivel,209.87654320987653
316,316,208830,J. Vardy,30,https://cdn.sofifa.org/48/18/players/208830.png,England,81,81,Leicester City,https://cdn.sofifa.org/24/18/teams/95.png,17000.0,89.0,2047,Alto nivel,209.87654320987653
308,308,216194,Dani García,27,https://cdn.sofifa.org/48/18/players/216194.png,Spain,81,82,SD Eibar,https://cdn.sofifa.org/24/18/teams/467.png,17000.0,26.0,1938,Alto nivel,209.87654320987653
342,342,193525,Mário Fernandes,26,https://cdn.sofifa.org/48/18/players/193525.png,Russia,81,82,CSKA Moscow,https://cdn.sofifa.org/24/18/teams/315.png,17000.0,52.0,2086,Alto nivel,209.87654320987653
375,375,171579,Raúl García,30,https://cdn.sofifa.org/48/18/players/171579.png,Spain,81,81,Athletic Club de Bilbao,https://cdn.sofifa.org/24/18/teams/448.png,17000.0,32.0,2124,Alto nivel,209.87654320987653
236,236,199845,F. Acerbi,29,https://cdn.sofifa.org/48/18/players/199845.png,Italy,82,82,Sassuolo,https://cdn.sofifa.org/24/18/teams/111974.png,17000.0,68.0,1815,Alto nivel,207.3170731707317
242,242,193532,G. Medel,29,https://cdn.sofifa.org/48/18/players/193532.png,Chile,82,82,Beşiktaş JK,https://cdn.sofifa.org/24/18/teams/327.png,17000.0,64.0,2013,Alto nivel,207.3170731707317
249,249,189560,Iborra,29,https://cdn.sofifa.org/48/18/players/189560.png,Spain,82,82,Leicester City,https://cdn.sofifa.org/24/18/teams/95.png,17000.0,85.0,2062,Alto nivel,207.3170731707317
415,415,205362,M. Nastasić,24,https://cdn.sofifa.org/48/18/players/205362.png,Serbia,80,84,FC Schalke 04,https://cdn.sofifa.org/24/18/teams/34.png,16500.0,38.0,1730,Alto nivel,206.25
455,455,187735,A. Dzagoev,27,https://cdn.sofifa.org/48/18/players/187735.png,Russia,80,81,CSKA Moscow,https://cdn.sofifa.org/24/18/teams/315.png,16500.0,57.0,2141,Alto nivel,206.25
485,485,170370,J. dos Santos,27,https://cdn.sofifa.org/48/18/players/170370.png,Mexico,80,81,LA Galaxy,https://cdn.sofifa.org/24/18/teams/697.png,16500.0,13.0,2056,Alto nivel,206.25
423,423,201510,L. Kurzawa,24,https://cdn.sofifa.org/48/18/players/201510.png,France,80,85,Paris Saint-Germain,https://cdn.sofifa.org/24/18/teams/73.png,16500.0,69.0,2139,Alto nivel,206.25
181,181,167905,A. Valencia,31,https://cdn.sofifa.org/48/18/players/167905.png,Ecuador,83,83,Manchester United,https://cdn.sofifa.org/24/18/teams/11.png,17000.0,130.0,2185,Alto nivel,204.81927710843374
268,268,179847,F. Fazio,30,https://cdn.sofifa.org/48/18/players/179847.png,Argentina,82,82,Roma,https://cdn.sofifa.org/24/18/teams/52.png,16500.0,73.0,1611,Alto nivel,201.21951219512195
398,398,212462,Alex Telles,24,https://cdn.sofifa.org/48/18/players/212462.png,Brazil,80,84,FC Porto,https://cdn.sofifa.org/24/18/teams/236.png,16000.0,15.0,2159,Alto nivel,200.0
413,413,206273,O. Shatov,26,https://cdn.sofifa.org/48/18/players/206273.png,Russia,80,80,Zenit St. Petersburg,https://cdn.sofifa.org/24/18/teams/100769.png,16000.0,74.0,2021,Alto nivel,200.0
446,446,190972,E. Salvio,26,https://cdn.sofifa.org/48/18/players/190972.png,Argentina,80,80,SL Benfica,https://cdn.sofifa.org/24/18/teams/234.png,16000.0,17.0,2027,Alto nivel,200.0
451,451,189250,S. Rondón,27,https://cdn.sofifa.org/48/18/players/189250.png,Venezuela,80,80,West Bromwich Albion,https://cdn.sofifa.org/24/18/teams/109.png,16000.0,89.0,1792,Alto nivel,200.0
422,422,203280,V. Germain,27,https://cdn.sofifa.org/48/18/players/203280.png,France,80,80,Olympique de Marseille,https://cdn.sofifa.org/24/18/teams/219.png,16000.0,42.0,2013,Alto nivel,200.0
177,177,176769,Jonas,33,https://cdn.sofifa.org/48/18/players/176769.png,Brazil,83,83,SL Benfica,https://cdn.sofifa.org/24/18/teams/234.png,16500.0,21.0,2006,Alto nivel,198.79518072289156
369,369,179645,S. Kjær,28,https://cdn.sofifa.org/48/18/players/179645.png,Denmark,81,82,Sevilla FC,https://cdn.sofifa.org/24/18/teams/481.png,16000.0,23.0,1869,Alto nivel,197.53086419753086
380,380,153244,A. Gignac,31,https://cdn.sofifa.org/48/18/players/153244.png,France,81,81,Tigres U.A.N.L.,https://cdn.sofifa.org/24/18/teams/1970.png,16000.0,84.0,2001,Alto nivel,197.53086419753086
409,409,207993,S. Kolašinac,24,https://cdn.sofifa.org/48/18/players/207993.png,Bosnia Herzegovina,80,83,Arsenal,https://cdn.sofifa.org/24/18/teams/1.png,15500.0,91.0,1888,Alto nivel,193.75
454,454,188253,J. McCarthy,26,https://cdn.sofifa.org/48/18/players/188253.png,Republic of Ireland,80,83,Everton,https://cdn.sofifa.org/24/18/teams/7.png,15500.0,110.0,2047,Alto nivel,193.75
450,450,190264,Iago Falqué,27,https://cdn.sofifa.org/48/18/players/190264.png,Spain,80,80,Torino,https://cdn.sofifa.org/24/18/teams/54.png,15500.0,61.0,1928,Alto nivel,193.75
410,410,206585,Arrizabalaga,22,https://cdn.sofifa.org/48/18/players/206585.png,Spain,80,87,Athletic Club de Bilbao,https://cdn.sofifa.org/24/18/teams/448.png,15500.0,20.0,1207,Alto nivel,193.75
387,387,54050,W. Rooney,31,https://cdn.sofifa.org/48/18/players/54050.png,England,81,81,Everton,https://cdn.sofifa.org/24/18/teams/7.png,15500.0,120.0,2127,Alto nivel,191.35802469135803
443,443,192641,K. Vogt,25,https://cdn.sofifa.org/48/18/players/192641.png,Germany,80,82,TSG 1899 Hoffenheim,https://cdn.sofifa.org/24/18/teams/10029.png,15000.0,40.0,1953,Alto nivel,187.5
428,428,199434,D. Tadić,28,https://cdn.sofifa.org/48/18/players/199434.png,Serbia,80,80,Southampton,https://cdn.sofifa.org/24/18/teams/17.png,15000.0,98.0,1954,Alto nivel,187.5
432,432,198118,J. Guilavogui,26,https://cdn.sofifa.org/48/18/players/198118.png,France,80,82,VfL Wolfsburg,https://cdn.sofifa.org/24/18/teams/175.png,15000.0,66.0,1967,Alto nivel,187.5
494,494,164859,T. Walcott,28,https://cdn.sofifa.org/48/18/players/164859.png,England,80,80,Arsenal,https://cdn.sofifa.org/24/18/teams/1.png,15000.0,125.0,1976,Alto nivel,187.5
424,424,200647,J. Iličić,29,https://cdn.sofifa.org/48/18/players/200647.png,Slovenia,80,80,Atalanta,https://cdn.sofifa.org/24/18/teams/39.png,15000.0,42.0,1946,Alto nivel,187.5
437,437,194229,Hugo Mallo,26,https://cdn.sofifa.org/48/18/players/194229.png,Spain,80,83,RC Celta de Vigo,https://cdn.sofifa.org/24/18/teams/450.png,15000.0,29.0,1912,Alto nivel,187.5
195,195,20775,Quaresma,33,https://cdn.sofifa.org/48/18/players/20775.png,Portugal,83,83,Beşiktaş JK,https://cdn.sofifa.org/24/18/teams/327.png,15500.0,67.0,1962,Alto nivel,186.74698795180723
191,191,139869,W. Sneijder,33,https://cdn.sofifa.org/48/18/players/139869.png,Netherlands,83,83,OGC Nice,https://cdn.sofifa.org/24/18/teams/72.png,15500.0,47.0,1976,Alto nivel,186.74698795180723
327,327,199987,J. Cillessen,28,https://cdn.sofifa.org/48/18/players/199987.png,Netherlands,81,83,FC Barcelona,https://cdn.sofifa.org/24/18/teams/241.png,15000.0,125.0,1287,Alto nivel,185.1851851851852
289,289,158121,B. Costil,29,https://cdn.sofifa.org/48/18/players/158121.png,France,82,82,Girondins de Bordeaux,https://cdn.sofifa.org/24/18/teams/59.png,15000.0,46.0,1171,Alto nivel,182.9268292682927
266,266,181786,V. Ćorluka,31,https://cdn.sofifa.org/48/18/players/181786.png,Croatia,82,82,Lokomotiv Moscow,https://cdn.sofifa.org/24/18/teams/100765.png,15000.0,54.0,1922,Alto nivel,182.9268292682927
290,290,157481,Raúl Albiol,31,https://cdn.sofifa.org/48/18/players/157481.png,Spain,82,82,Napoli,https://cdn.sofifa.org/24/18/teams/48.png,15000.0,73.0,1737,Alto nivel,182.9268292682927
476,476,173909,K. Boateng,30,https://cdn.sofifa.org/48/18/players/173909.png,Ghana,80,80,Eintracht Frankfurt,https://cdn.sofifa.org/24/18/teams/1824.png,14500.0,41.0,2156,Alto nivel,181.25
463,463,183909,I. Traoré,29,https://cdn.sofifa.org/48/18/players/183909.png,Guinea,80,80,Borussia Mönchengladbach,https://cdn.sofifa.org/24/18/teams/23.png,14500.0,48.0,1987,Alto nivel,181.25
466,466,178311,Eder,30,https://cdn.sofifa.org/48/18/players/178311.png,Italy,80,80,Inter,https://cdn.sofifa.org/24/18/teams/44.png,14500.0,80.0,1939,Alto nivel,181.25
460,460,185132,Mikel San José,28,https://cdn.sofifa.org/48/18/players/185132.png,Spain,80,80,Athletic Club de Bilbao,https://cdn.sofifa.org/24/18/teams/448.png,14500.0,33.0,1946,Alto nivel,181.25
465,465,178416,J. Lens,29,https://cdn.sofifa.org/48/18/players/178416.png,Netherlands,80,80,Beşiktaş JK,https://cdn.sofifa.org/24/18/teams/327.png,14500.0,17.0,1994,Alto nivel,181.25
482,482,172522,D. Wass,28,https://cdn.sofifa.org/48/18/players/172522.png,Denmark,80,80,RC Celta de Vigo,https://cdn.sofifa.org/24/18/teams/450.png,14500.0,33.0,2107,Alto nivel,181.25
434,434,195861,Y. Rakitskyi,27,https://cdn.sofifa.org/48/18/players/195861.png,Ukraine,80,82,Shakhtar Donetsk,https://cdn.sofifa.org/24/18/teams/101059.png,14500.0,1.0,2115,Alto nivel,181.25
464,464,182002,Sidnei,27,https://cdn.sofifa.org/48/18/players/182002.png,Brazil,80,82,RC Deportivo de La Coruña,https://cdn.sofifa.org/24/18/teams/242.png,14500.0,29.0,1787,Alto nivel,181.25
348,348,190941,L. Hrádecký,27,https://cdn.sofifa.org/48/18/players/190941.png,Finland,81,83,Eintracht Frankfurt,https://cdn.sofifa.org/24/18/teams/1824.png,14500.0,28.0,1122,Alto nivel,179.01234567901236
420,420,203775,L. Karius,24,https://cdn.sofifa.org/48/18/players/203775.png,Germany,80,84,Liverpool,https://cdn.sofifa.org/24/18/teams/9.png,14000.0,71.0,1203,Alto nivel,175.0
480,480,173221,A. Candreva,30,https://cdn.sofifa.org/48/18/players/173221.png,Italy,80,80,Inter,https://cdn.sofifa.org/24/18/teams/44.png,14000.0,74.0,2062,Alto nivel,175.0
397,397,212831,Alisson,24,https://cdn.sofifa.org/48/18/players/212831.png,Brazil,80,84,Roma,https://cdn.sofifa.org/24/18/teams/52.png,14000.0,45.0,1194,Alto nivel,175.0
407,407,208334,J. Hector,27,https://cdn.sofifa.org/48/18/players/208334.png,Germany,80,81,1. FC Köln,https://cdn.sofifa.org/24/18/teams/31.png,14000.0,42.0,2065,Alto nivel,175.0
412,412,206413,T. Stepanenko,27,https://cdn.sofifa.org/48/18/players/206413.png,Ukraine,80,81,Shakhtar Donetsk,https://cdn.sofifa.org/24/18/teams/101059.png,14000.0,1.0,2014,Alto nivel,175.0
475,475,175379,Pedro León,30,https://cdn.sofifa.org/48/18/players/175379.png,Spain,80,80,SD Eibar,https://cdn.sofifa.org/24/18/teams/467.png,14000.0,29.0,1957,Alto nivel,175.0
474,474,176104,V. Birsa,30,https://cdn.sofifa.org/48/18/players/176104.png,Slovenia,80,80,Chievo Verona,https://cdn.sofifa.org/24/18/teams/192.png,14000.0,25.0,2000,Alto nivel,175.0
179,179,173771,L. Piszczek,32,https://cdn.sofifa.org/48/18/players/173771.png,Poland,83,83,Borussia Dortmund,https://cdn.sofifa.org/24/18/teams/22.png,14500.0,66.0,2143,Alto nivel,174.6987951807229
187,187,146760,Juanfran,32,https://cdn.sofifa.org/48/18/players/146760.png,Spain,83,83,Atlético Madrid,https://cdn.sofifa.org/24/18/teams/240.png,14500.0,62.0,2080,Alto nivel,174.6987951807229
368,368,180216,S. Coleman,28,https://cdn.sofifa.org/48/18/players/180216.png,Republic of Ireland,81,81,Everton,https://cdn.sofifa.org/24/18/teams/7.png,14000.0,115.0,2064,Alto nivel,172.8395061728395
350,350,190149,De Marcos,28,https://cdn.sofifa.org/48/18/players/190149.png,Spain,81,81,Athletic Club de Bilbao,https://cdn.sofifa.org/24/18/teams/448.png,14000.0,31.0,2101,Alto nivel,172.8395061728395
371,371,177326,M. Valbuena,32,https://cdn.sofifa.org/48/18/players/177326.png,France,81,81,Fenerbahçe SK,https://cdn.sofifa.org/24/18/teams/326.png,14000.0,86.0,1932,Alto nivel,172.8395061728395
276,276,172723,A. Begović,30,https://cdn.sofifa.org/48/18/players/172723.png,Bosnia Herzegovina,82,82,Bournemouth,https://cdn.sofifa.org/24/18/teams/1943.png,14000.0,64.0,1233,Alto nivel,170.73170731707316
291,291,150724,J. Hart,30,https://cdn.sofifa.org/48/18/players/150724.png,England,82,82,West Ham United,https://cdn.sofifa.org/24/18/teams/19.png,14000.0,110.0,1318,Alto nivel,170.73170731707316
287,287,163489,A. Consigli,30,https://cdn.sofifa.org/48/18/players/163489.png,Italy,82,82,Sassuolo,https://cdn.sofifa.org/24/18/teams/111974.png,14000.0,52.0,1182,Alto nivel,170.73170731707316
447,447,190815,D. Blind,27,https://cdn.sofifa.org/48/18/players/190815.png,Netherlands,80,81,Manchester United,https://cdn.sofifa.org/24/18/teams/11.png,13500.0,120.0,2078,Alto nivel,168.75
452,452,189156,Daniel Carriço,28,https://cdn.sofifa.org/48/18/players/189156.png,Portugal,80,81,Sevilla FC,https://cdn.sofifa.org/24/18/teams/481.png,13500.0,23.0,1936,Alto nivel,168.75
427,427,199827,P. Hernández,30,https://cdn.sofifa.org/48/18/players/199827.png,Chile,80,80,RC Celta de Vigo,https://cdn.sofifa.org/24/18/teams/450.png,13500.0,32.0,2064,Alto nivel,168.75
469,469,177458,S. Bender,28,https://cdn.sofifa.org/48/18/players/177458.png,Germany,80,81,Bayer 04 Leverkusen,https://cdn.sofifa.org/24/18/teams/32.png,13500.0,59.0,1866,Alto nivel,168.75
484,484,171897,A. Guardado,30,https://cdn.sofifa.org/48/18/players/171897.png,Mexico,80,80,Real Betis Balompié,https://cdn.sofifa.org/24/18/teams/449.png,13500.0,32.0,2098,Alto nivel,168.75
461,461,184392,M. Darmian,27,https://cdn.sofifa.org/48/18/players/184392.png,Italy,80,81,Manchester United,https://cdn.sofifa.org/24/18/teams/11.png,13500.0,120.0,2005,Alto nivel,168.75
470,470,176930,M. Díaz,30,https://cdn.sofifa.org/48/18/players/176930.png,Chile,80,80,U.N.A.M.,https://cdn.sofifa.org/24/18/teams/1881.png,13500.0,31.0,2099,Alto nivel,168.75
384,384,121944,B. Schweinsteiger,32,https://cdn.sofifa.org/48/18/players/121944.png,Germany,81,81,Chicago Fire Soccer Club,https://cdn.sofifa.org/24/18/teams/693.png,13500.0,13.0,2134,Alto nivel,166.66666666666666
363,363,183498,M. Parolo,32,https://cdn.sofifa.org/48/18/players/183498.png,Italy,81,81,Lazio,https://cdn.sofifa.org/24/18/teams/46.png,13500.0,60.0,2150,Alto nivel,166.66666666666666
281,281,168354,E. Viviano,31,https://cdn.sofifa.org/48/18/players/168354.png,Italy,82,82,Sampdoria,https://cdn.sofifa.org/24/18/teams/1837.png,13500.0,37.0,1162,Alto nivel,164.6341463414634
263,263,183497,O. Karnezis,31,https://cdn.sofifa.org/48/18/players/183497.png,Greece,82,82,Watford,https://cdn.sofifa.org/24/18/teams/1795.png,13500.0,30.0,1212,Alto nivel,164.6341463414634
265,265,182494,F. Muslera,31,https://cdn.sofifa.org/48/18/players/182494.png,Uruguay,82,82,Galatasaray SK,https://cdn.sofifa.org/24/18/teams/325.png,13500.0,57.0,1370,Alto nivel,164.6341463414634
500,500,157960,Manuel Fernandes,31,https://cdn.sofifa.org/48/18/players/157960.png,Portugal,80,80,Lokomotiv Moscow,https://cdn.sofifa.org/24/18/teams/100765.png,13000.0,54.0,2145,Alto nivel,162.5
444,444,192492,F. Orellana,31,https://cdn.sofifa.org/48/18/players/192492.png,Chile,80,80,Valencia CF,https://cdn.sofifa.org/24/18/teams/461.png,13000.0,40.0,1919,Alto nivel,162.5
499,499,158232,S. Kalou,31,https://cdn.sofifa.org/48/18/players/158232.png,Ivory Coast,80,80,Hertha BSC Berlin,https://cdn.sofifa.org/24/18/teams/166.png,13000.0,38.0,1922,Alto nivel,162.5
373,373,173198,D. Astori,30,https://cdn.sofifa.org/48/18/players/173198.png,Italy,81,81,Fiorentina,https://cdn.sofifa.org/24/18/teams/110374.png,13000.0,68.0,1656,Alto nivel,160.49382716049382
67,67,120533,Pepe,34,https://cdn.sofifa.org/48/18/players/120533.png,Portugal,86,86,Beşiktaş JK,https://cdn.sofifa.org/24/18/teams/327.png,13500.0,94.0,1839,Alto nivel,156.97674418604652
471,471,176915,A. Fernández,31,https://cdn.sofifa.org/48/18/players/176915.png,Argentina,80,80,Atlético Madrid,https://cdn.sofifa.org/24/18/teams/240.png,12500.0,62.0,2056,Alto nivel,156.25
295,295,135507,Fernandinho,32,https://cdn.sofifa.org/48/18/players/135507.png,Brazil,82,82,Manchester City,https://cdn.sofifa.org/24/18/teams/10.png,12500.0,130.0,2150,Alto nivel,152.4390243902439
284,284,163824,A. Williams,32,https://cdn.sofifa.org/48/18/players/163824.png,Wales,82,82,Everton,https://cdn.sofifa.org/24/18/teams/7.png,12500.0,115.0,1759,Alto nivel,152.4390243902439
286,286,163631,L. Baines,32,https://cdn.sofifa.org/48/18/players/163631.png,England,82,82,Everton,https://cdn.sofifa.org/24/18/teams/7.png,12500.0,115.0,2211,Alto nivel,152.4390243902439
285,285,163705,S. Mandanda,32,https://cdn.sofifa.org/48/18/players/163705.png,France,82,82,Olympique de Marseille,https://cdn.sofifa.org/24/18/teams/219.png,12500.0,31.0,1217,Alto nivel,152.4390243902439
298,298,104389,R. Jarstein,32,https://cdn.sofifa.org/48/18/players/104389.png,Norway,82,82,Hertha BSC Berlin,https://cdn.sofifa.org/24/18/teams/166.png,12500.0,30.0,1185,Alto nivel,152.4390243902439
196,196,20289,Y. Touré,34,https://cdn.sofifa.org/48/18/players/20289.png,Ivory Coast,83,83,Manchester City,https://cdn.sofifa.org/24/18/teams/10.png,12500.0,145.0,2161,Alto nivel,150.6024096385542
502,502,150516,L. Podolski,32,https://cdn.sofifa.org/48/18/players/150516.png,Germany,80,80,Vissel Kobe,https://cdn.sofifa.org/24/18/teams/101146.png,12000.0,13.0,2036,Alto nivel,150.0
497,497,162369,V. Ibišević,32,https://cdn.sofifa.org/48/18/players/162369.png,Bosnia Herzegovina,80,80,Hertha BSC Berlin,https://cdn.sofifa.org/24/18/teams/166.png,12000.0,41.0,1890,Alto nivel,150.0
445,445,191687,Maicon,28,https://cdn.sofifa.org/48/18/players/191687.png,Brazil,80,80,Galatasaray SK,https://cdn.sofifa.org/24/18/teams/325.png,12000.0,68.0,1882,Alto nivel,150.0
487,487,169705,R. Bertrand,27,https://cdn.sofifa.org/48/18/players/169705.png,England,80,80,Southampton,https://cdn.sofifa.org/24/18/teams/17.png,12000.0,86.0,2027,Alto nivel,150.0
441,441,193116,M. Gonalons,28,https://cdn.sofifa.org/48/18/players/193116.png,France,80,80,Roma,https://cdn.sofifa.org/24/18/teams/52.png,12000.0,71.0,2019,Alto nivel,150.0
366,366,183280,A. Rami,31,https://cdn.sofifa.org/48/18/players/183280.png,France,81,81,Olympique de Marseille,https://cdn.sofifa.org/24/18/teams/219.png,12000.0,35.0,1725,Alto nivel,148.14814814814815
372,372,173426,S. Mignolet,29,https://cdn.sofifa.org/48/18/players/173426.png,Belgium,81,81,Liverpool,https://cdn.sofifa.org/24/18/teams/9.png,12000.0,91.0,1266,Alto nivel,148.14814814814815
419,419,203888,Eric Botteghin,29,https://cdn.sofifa.org/48/18/players/203888.png,Brazil,80,80,Feyenoord,https://cdn.sofifa.org/24/18/teams/246.png,11500.0,22.0,1601,Alto nivel,143.75
459,459,185221,Luiz Gustavo,29,https://cdn.sofifa.org/48/18/players/185221.png,Brazil,80,80,Olympique de Marseille,https://cdn.sofifa.org/24/18/teams/219.png,11500.0,37.0,1971,Alto nivel,143.75
462,462,184190,R. Thomas,29,https://cdn.sofifa.org/48/18/players/184190.png,France,80,80,Angers SCO,https://cdn.sofifa.org/24/18/teams/1530.png,11500.0,32.0,1654,Alto nivel,143.75
478,478,173432,H. Moreno,29,https://cdn.sofifa.org/48/18/players/173432.png,Mexico,80,80,Roma,https://cdn.sofifa.org/24/18/teams/52.png,11500.0,71.0,1882,Alto nivel,143.75
473,473,176376,I. Piatti,32,https://cdn.sofifa.org/48/18/players/176376.png,Argentina,80,80,Montreal Impact,https://cdn.sofifa.org/24/18/teams/111139.png,11500.0,14.0,2039,Alto nivel,143.75
370,370,178086,Adán,30,https://cdn.sofifa.org/48/18/players/178086.png,Spain,81,81,Real Betis Balompié,https://cdn.sofifa.org/24/18/teams/449.png,11500.0,24.0,1273,Alto nivel,141.97530864197532
498,498,162329,K. El Ahmadi,32,https://cdn.sofifa.org/48/18/players/162329.png,Morocco,80,80,Feyenoord,https://cdn.sofifa.org/24/18/teams/246.png,11000.0,23.0,2045,Alto nivel,137.5
477,477,173521,Marcano,30,https://cdn.sofifa.org/48/18/players/173521.png,Spain,80,80,FC Porto,https://cdn.sofifa.org/24/18/teams/236.png,11000.0,18.0,1786,Alto nivel,137.5
453,453,188802,M. Schmelzer,29,https://cdn.sofifa.org/48/18/players/188802.png,Germany,80,80,Borussia Dortmund,https://cdn.sofifa.org/24/18/teams/22.png,11000.0,63.0,2000,Alto nivel,137.5
390,390,49369,Fernando Torres,33,https://cdn.sofifa.org/48/18/players/49369.png,Spain,81,81,Atlético Madrid,https://cdn.sofifa.org/24/18/teams/240.png,11000.0,68.0,1884,Alto nivel,135.80246913580248
377,377,163264,T. Heaton,31,https://cdn.sofifa.org/48/18/players/163264.png,England,81,81,Burnley,https://cdn.sofifa.org/24/18/teams/1796.png,11000.0,51.0,1271,Alto nivel,135.80246913580248
490,490,167553,V. Denisov,30,https://cdn.sofifa.org/48/18/players/167553.png,Uzbekistan,80,80,Lokomotiv Moscow,https://cdn.sofifa.org/24/18/teams/100765.png,10500.0,50.0,1988,Alto nivel,131.25
483,483,172316,Coke,30,https://cdn.sofifa.org/48/18/players/172316.png,Spain,80,80,FC Schalke 04,https://cdn.sofifa.org/24/18/teams/34.png,10500.0,44.0,2030,Alto nivel,131.25
481,481,173208,D. Criscito,30,https://cdn.sofifa.org/48/18/players/173208.png,Italy,80,80,Zenit St. Petersburg,https://cdn.sofifa.org/24/18/teams/100769.png,10500.0,67.0,2093,Alto nivel,131.25
126,126,106231,Aduriz,36,https://cdn.sofifa.org/48/18/players/106231.png,Spain,84,84,Athletic Club de Bilbao,https://cdn.sofifa.org/24/18/teams/448.png,11000.0,38.0,1987,Alto nivel,130.95238095238096
381,381,146954,Gabi,33,https://cdn.sofifa.org/48/18/players/146954.png,Spain,81,81,Atlético Madrid,https://cdn.sofifa.org/24/18/teams/240.png,10500.0,62.0,2116,Alto nivel,129.62962962962962
194,194,24630,José Reina,34,https://cdn.sofifa.org/48/18/players/24630.png,Spain,83,83,Napoli,https://cdn.sofifa.org/24/18/teams/48.png,10500.0,59.0,1291,Alto nivel,126.50602409638554
190,190,142754,J. Mascherano,33,https://cdn.sofifa.org/48/18/players/142754.png,Argentina,83,83,FC Barcelona,https://cdn.sofifa.org/24/18/teams/241.png,10500.0,155.0,1984,Alto nivel,126.50602409638554
193,193,53302,D. De Rossi,33,https://cdn.sofifa.org/48/18/players/53302.png,Italy,83,83,Roma,https://cdn.sofifa.org/24/18/teams/52.png,10500.0,73.0,2115,Alto nivel,126.50602409638554
489,489,168530,Jardel,31,https://cdn.sofifa.org/48/18/players/168530.png,Brazil,80,80,SL Benfica,https://cdn.sofifa.org/24/18/teams/234.png,10000.0,16.0,1655,Alto nivel,125.0
492,492,165536,G. Cabral,31,https://cdn.sofifa.org/48/18/players/165536.png,Argentina,80,80,RC Celta de Vigo,https://cdn.sofifa.org/24/18/teams/450.png,10000.0,29.0,1681,Alto nivel,125.0
511,511,124635,M. Topal,31,https://cdn.sofifa.org/48/18/players/124635.png,Turkey,80,80,Fenerbahçe SK,https://cdn.sofifa.org/24/18/teams/326.png,10000.0,73.0,2051,Alto nivel,125.0
436,436,194404,Neto,27,https://cdn.sofifa.org/48/18/players/194404.png,Brazil,80,80,Valencia CF,https://cdn.sofifa.org/24/18/teams/461.png,10000.0,30.0,1275,Alto nivel,125.0
493,493,165526,G. Paletta,31,https://cdn.sofifa.org/48/18/players/165526.png,Italy,80,80,Milan,https://cdn.sofifa.org/24/18/teams/47.png,10000.0,96.0,1617,Alto nivel,125.0
376,376,166706,M. Škrtel,32,https://cdn.sofifa.org/48/18/players/166706.png,Slovakia,81,81,Fenerbahçe SK,https://cdn.sofifa.org/24/18/teams/326.png,10000.0,73.0,1666,Alto nivel,123.45679012345678
388,388,53612,P. Mertesacker,32,https://cdn.sofifa.org/48/18/players/53612.png,Germany,81,81,Arsenal,https://cdn.sofifa.org/24/18/teams/1.png,10000.0,110.0,1558,Alto nivel,123.45679012345678
68,68,48940,P. Čech,35,https://cdn.sofifa.org/48/18/players/48940.png,Czech Republic,86,86,Arsenal,https://cdn.sofifa.org/24/18/teams/1.png,10500.0,92.0,1206,Alto nivel,122.09302325581395
296,296,113422,David Villa,35,https://cdn.sofifa.org/48/18/players/113422.png,Spain,82,82,New York City Football Club,https://cdn.sofifa.org/24/18/teams/112828.png,10000.0,12.0,1997,Alto nivel,121.95121951219512
467,467,177644,Kiko Casilla,30,https://cdn.sofifa.org/48/18/players/177644.png,Spain,80,80,Real Madrid CF,https://cdn.sofifa.org/24/18/teams/243.png,9500.0,120.0,1281,Alto nivel,118.75
479,479,173373,S. Romero,30,https://cdn.sofifa.org/48/18/players/173373.png,Argentina,80,80,Manchester United,https://cdn.sofifa.org/24/18/teams/11.png,9500.0,97.0,1251,Alto nivel,118.75
509,509,138412,J. Milner,31,https://cdn.sofifa.org/48/18/players/138412.png,England,80,80,Liverpool,https://cdn.sofifa.org/24/18/teams/9.png,9500.0,110.0,2155,Alto nivel,118.75
468,468,177604,Nacho Monreal,31,https://cdn.sofifa.org/48/18/players/177604.png,Spain,80,80,Arsenal,https://cdn.sofifa.org/24/18/teams/1.png,9500.0,110.0,2008,Alto nivel,118.75
504,504,143587,F. Belluschi,33,https://cdn.sofifa.org/48/18/players/143587.png,Argentina,80,80,San Lorenzo de Almagro,https://cdn.sofifa.org/24/18/teams/1013.png,9000.0,30.0,2102,Alto nivel,112.5
386,386,110677,Moyá,33,https://cdn.sofifa.org/48/18/players/110677.png,Spain,81,81,Atlético Madrid,https://cdn.sofifa.org/24/18/teams/240.png,9000.0,46.0,1184,Alto nivel,111.11111111111111
270,270,178372,B. Ivanović,33,https://cdn.sofifa.org/48/18/players/178372.png,Serbia,82,82,Zenit St. Petersburg,https://cdn.sofifa.org/24/18/teams/100769.png,9000.0,73.0,1984,Alto nivel,109.7560975609756
275,275,174543,C. Bravo,34,https://cdn.sofifa.org/48/18/players/174543.png,Chile,82,82,Manchester City,https://cdn.sofifa.org/24/18/teams/10.png,9000.0,110.0,1464,Alto nivel,109.7560975609756
124,124,146530,Dani Alves,34,https://cdn.sofifa.org/48/18/players/146530.png,Brazil,84,84,Paris Saint-Germain,https://cdn.sofifa.org/24/18/teams/73.png,9000.0,115.0,2208,Alto nivel,107.14285714285714
495,495,164835,L. Fabiański,32,https://cdn.sofifa.org/48/18/players/164835.png,Poland,80,80,Swansea City,https://cdn.sofifa.org/24/18/teams/1960.png,8500.0,60.0,1206,Alto nivel,106.25
501,501,156713,A. Granqvist,32,https://cdn.sofifa.org/48/18/players/156713.png,Sweden,80,80,FC Krasnodar,https://cdn.sofifa.org/24/18/teams/112218.png,8500.0,50.0,1798,Alto nivel,106.25
297,297,108080,S. Lichtsteiner,33,https://cdn.sofifa.org/48/18/players/108080.png,Switzerland,82,82,Juventus,https://cdn.sofifa.org/24/18/teams/45.png,8500.0,115.0,2072,Alto nivel,103.65853658536585
516,516,50542,J. Defoe,34,https://cdn.sofifa.org/48/18/players/50542.png,England,80,80,Bournemouth,https://cdn.sofifa.org/24/18/teams/1943.png,8000.0,87.0,1880,Alto nivel,100.0
491,491,167514,D. Basta,32,https://cdn.sofifa.org/48/18/players/167514.png,Serbia,80,80,Lazio,https://cdn.sofifa.org/24/18/teams/46.png,8000.0,54.0,2097,Alto nivel,100.0
513,513,111661,C. Kameni,33,https://cdn.sofifa.org/48/18/players/111661.png,Cameroon,80,80,Fenerbahçe SK,https://cdn.sofifa.org/24/18/teams/326.png,7500.0,59.0,1236,Alto nivel,93.75
505,505,140293,A. Mirante,33,https://cdn.sofifa.org/48/18/players/140293.png,Italy,80,80,Bologna,https://cdn.sofifa.org/24/18/teams/189.png,7500.0,48.0,1194,Alto nivel,93.75
379,379,158625,Dante,33,https://cdn.sofifa.org/48/18/players/158625.png,Brazil,81,81,OGC Nice,https://cdn.sofifa.org/24/18/teams/72.png,7000.0,39.0,1846,Alto nivel,86.41975308641975
382,382,142780,G. Rodríguez,33,https://cdn.sofifa.org/48/18/players/142780.png,Argentina,81,81,San Lorenzo de Almagro,https://cdn.sofifa.org/24/18/teams/1013.png,7000.0,27.0,1856,Alto nivel,86.41975308641975
508,508,138449,Kaká,35,https://cdn.sofifa.org/48/18/players/138449.png,Brazil,80,80,Orlando City Soccer Club,https://cdn.sofifa.org/24/18/teams/112606.png,6500.0,10.0,1832,Alto nivel,81.25
391,391,9676,S. Eto'o,36,https://cdn.sofifa.org/48/18/players/9676.png,Cameroon,81,81,Antalyaspor,https://cdn.sofifa.org/24/18/teams/741.png,6500.0,22.0,2029,Alto nivel,80.24691358024691
277,277,171919,Naldo,34,https://cdn.sofifa.org/48/18/players/171919.png,Brazil,82,82,FC Schalke 04,https://cdn.sofifa.org/24/18/teams/34.png,6500.0,48.0,1949,Alto nivel,79.26829268292683
503,503,146460,Javi Fuego,33,https://cdn.sofifa.org/48/18/players/146460.png,Spain,80,80,RCD Espanyol,https://cdn.sofifa.org/24/18/teams/452.png,6000.0,34.0,1979,Alto nivel,75.0
512,512,112316,J. Mathieu,33,https://cdn.sofifa.org/48/18/players/112316.png,France,80,80,Sporting CP,https://cdn.sofifa.org/24/18/teams/237.png,6000.0,21.0,1996,Alto nivel,75.0
506,506,139968,V. Enyeama,34,https://cdn.sofifa.org/48/18/players/139968.png,Nigeria,80,80,LOSC Lille,https://cdn.sofifa.org/24/18/teams/65.png,6000.0,40.0,1373,Alto nivel,75.0
496,496,163155,B. Foster,34,https://cdn.sofifa.org/48/18/players/163155.png,England,80,80,West Bromwich Albion,https://cdn.sofifa.org/24/18/teams/109.png,6000.0,60.0,1241,Alto nivel,75.0
507,507,139668,F. Marchetti,34,https://cdn.sofifa.org/48/18/players/139668.png,Italy,80,80,Lazio,https://cdn.sofifa.org/24/18/teams/46.png,6000.0,44.0,1259,Alto nivel,75.0
188,188,146748,Diego López,35,https://cdn.sofifa.org/48/18/players/146748.png,Spain,83,83,RCD Espanyol,https://cdn.sofifa.org/24/18/teams/452.png,6000.0,19.0,1200,Alto nivel,72.28915662650603
389,389,49370,T. Motta,34,https://cdn.sofifa.org/48/18/players/49370.png,Italy,81,81,Paris Saint-Germain,https://cdn.sofifa.org/24/18/teams/73.png,5500.0,81.0,1972,Alto nivel,67.90123456790124
91,91,137186,A. Barzagli,36,https://cdn.sofifa.org/48/18/players/137186.png,Italy,85,85,Juventus,https://cdn.sofifa.org/24/18/teams/45.png,5000.0,105.0,1750,Alto nivel,58.8235294117647
514,514,53914,P. Jagielka,34,https://cdn.sofifa.org/48/18/players/53914.png,England,80,80,Everton,https://cdn.sofifa.org/24/18/teams/7.png,4500.0,110.0,1918,Alto nivel,56.25
510,510,134744,A. Hutchinson,34,https://cdn.sofifa.org/48/18/players/134744.png,Canada,80,80,Beşiktaş JK,https://cdn.sofifa.org/24/18/teams/327.png,4500.0,56.0,2065,Alto nivel,56.25
385,385,116494,C. Carrasso,35,https://cdn.sofifa.org/48/18/players/116494.png,France,81,81,Galatasaray SK,https://cdn.sofifa.org/24/18/teams/325.png,4200.0,34.0,1175,Alto nivel,51.851851851851855
18,18,1179,G. Buffon,39,https://cdn.sofifa.org/48/18/players/1179.png,Italy,89,89,Juventus,https://cdn.sofifa.org/24/18/teams/45.png,4500.0,110.0,1335,Alto nivel,50.561797752808985
383,383,139997,D. Srna,35,https://cdn.sofifa.org/48/18/players/139997.png,Croatia,81,81,Shakhtar Donetsk,https://cdn.sofifa.org/24/18/teams/101059.png,3800.0,1.0,2205,Alto nivel,46.91358024691358
518,518,21146,M. Carrick,35,https://cdn.sofifa.org/48/18/players/21146.png,England,80,80,Manchester United,https://cdn.sofifa.org/24/18/teams/11.png,3500.0,86.0,1992,Alto nivel,43.75
197,197,5479,Casillas,36,https://cdn.sofifa.org/48/18/players/5479.png,Spain,83,83,FC Porto,https://cdn.sofifa.org/24/18/teams/236.png,3500.0,10.0,1293,Alto nivel,42.16867469879518
515,515,52091,P. Evra,36,https://cdn.sofifa.org/48/18/players/52091.png,France,80,80,Olympique de Marseille,https://cdn.sofifa.org/24/18/teams/219.png,1700.0,25.0,2023,Alto nivel,21.25
517,517,48717,Júlio César,37,https://cdn.sofifa.org/48/18/players/48717.png,Brazil,80,80,SL Benfica,https://cdn.sofifa.org/24/18/teams/234.png,1000.0,8.0,1263,Alto nivel,12.5
472,472,176733,M. Berg,30,https://cdn.sofifa.org/48/18/players/176733.png,Sweden,80,80,,https://cdn.sofifa.org/flags/46.png,0.0,0.0,1841,Alto nivel,0.0
162,162,188152,Oscar,25,https://cdn.sofifa.org/48/18/players/188152.png,Brazil,83,86,,https://cdn.sofifa.org/flags/54.png,0.0,0.0,1961,Alto nivel,0.0
167,167,184826,Adrien Silva,28,https://cdn.sofifa.org/48/18/players/184826.png,Portugal,83,83,,https://cdn.sofifa.org/flags/38.png,0.0,0.0,2174,Alto nivel,0.0
274,274,177413,A. Witsel,28,https://cdn.sofifa.org/48/18/players/177413.png,Belgium,82,82,,https://cdn.sofifa.org/flags/7.png,0.0,0.0,2143,Alto nivel,0.0
488,488,169195,Renato Augusto,29,https://cdn.sofifa.org/48/18/players/169195.png,Brazil,80,80,,https://cdn.sofifa.org/flags/54.png,0.0,0.0,2069,Alto nivel,0.0
